,0,1,2,3,4,5,6,7,8,9,10,11,12,13,14,15,16,17
0,5.715148795591582,2.8451883342354387,1.4362292837642654,0.0,2.124102768263792,2.003898158935596,0.0,0.0,0.0,0.0,2.3351872657080683,0.0,2.1239835806101177,0.0,2.0001554898008798,0.0,2.0017996787261234,0.0
1,5.919261252576995,2.8451883342354387,2.154343925646398,0.26824536818329103,2.124102768263792,0.0,2.0038981589355975,0.0,0.0,0.0,2.3351872657080683,0.0,0.0,2.0943446047662158,0.0,2.0001554898008824,2.0017996787261234,0.0
2,6.735711080518651,2.8451883342354387,0.7181146418821327,1.0729814727331641,3.540171280439653,0.0,2.0038981589355975,0.0,0.0,2.296194606901913,0.0,0.0,2.1239835806101177,0.0,2.0001554898008798,0.0,2.0017996787261234,0.0
3,6.939823537504064,1.4225941671177194,3.5905732094106635,2.950699050016201,2.8321370243517223,2.003898158935596,0.0,2.3191204410382538,0.0,0.0,0.0,2.149647404714473,0.0,0.0,2.0001554898008798,0.0,2.0017996787261234,0.0
4,5.919261252576995,2.1338912506765793,0.7181146418821327,1.0729814727331641,0.7080342560879306,0.0,2.0038981589355975,0.0,0.0,0.0,2.3351872657080683,0.0,2.1239835806101177,0.0,0.0,2.0001554898008824,0.0,2.0017996787261216
5,5.102811424635341,2.8451883342354387,2.872458567528531,1.341226840916455,1.4160685121758612,2.003898158935596,0.0,2.3191204410382538,0.0,0.0,0.0,2.149647404714473,0.0,0.0,2.0001554898008798,0.0,2.0017996787261234,0.0
6,4.0822491397082725,0.7112970835588597,2.154343925646398,0.0,0.7080342560879306,0.0,2.0038981589355975,0.0,0.0,0.0,2.3351872657080683,2.149647404714473,0.0,0.0,0.0,2.0001554898008824,2.0017996787261234,0.0
7,4.898698967649928,3.5564854177942986,1.4362292837642654,1.877717577283037,2.124102768263792,2.003898158935596,0.0,2.3191204410382538,0.0,0.0,0.0,0.0,2.1239835806101177,0.0,0.0,2.0001554898008824,2.0017996787261234,0.0
8,5.102811424635341,3.5564854177942986,1.4362292837642654,2.414208313649619,0.7080342560879306,0.0,2.0038981589355975,0.0,0.0,2.296194606901913,0.0,2.149647404714473,0.0,0.0,2.0001554898008798,0.0,0.0,2.0017996787261216
9,5.3069238816207545,2.1338912506765793,1.4362292837642654,1.609472209099746,3.540171280439653,2.003898158935596,0.0,0.0,0.0,2.296194606901913,0.0,0.0,0.0,2.0943446047662158,2.0001554898008798,0.0,0.0,2.0017996787261216
10,5.3069238816207545,3.5564854177942986,2.872458567528531,2.950699050016201,0.7080342560879306,0.0,2.0038981589355975,0.0,0.0,2.296194606901913,0.0,0.0,0.0,2.0943446047662158,0.0,2.0001554898008824,0.0,2.0017996787261216
11,6.12337370956241,3.5564854177942986,1.4362292837642654,2.414208313649619,1.4160685121758612,2.003898158935596,0.0,0.0,2.2888515608024393,0.0,0.0,0.0,2.1239835806101177,0.0,0.0,2.0001554898008824,2.0017996787261234,0.0
12,6.327486166547823,1.4225941671177194,1.4362292837642654,0.5364907363665821,2.8321370243517223,0.0,2.0038981589355975,0.0,2.2888515608024393,0.0,0.0,2.149647404714473,0.0,0.0,2.0001554898008798,0.0,0.0,2.0017996787261216
13,3.878136682722859,1.4225941671177194,2.872458567528531,1.609472209099746,2.124102768263792,0.0,2.0038981589355975,0.0,0.0,0.0,2.3351872657080683,0.0,0.0,2.0943446047662158,2.0001554898008798,0.0,2.0017996787261234,0.0
14,5.715148795591582,2.8451883342354387,1.4362292837642654,2.950699050016201,3.540171280439653,2.003898158935596,0.0,0.0,0.0,2.296194606901913,0.0,0.0,2.1239835806101177,0.0,0.0,2.0001554898008824,0.0,2.0017996787261216
15,4.898698967649928,0.7112970835588597,0.7181146418821327,0.0,2.124102768263792,2.003898158935596,0.0,0.0,0.0,2.296194606901913,0.0,0.0,2.1239835806101177,0.0,2.0001554898008798,0.0,0.0,2.0017996787261216
16,5.715148795591582,1.4225941671177194,3.5905732094106635,0.5364907363665821,2.8321370243517223,0.0,2.0038981589355975,2.3191204410382538,0.0,0.0,0.0,0.0,2.1239835806101177,0.0,0.0,2.0001554898008824,2.0017996787261234,0.0
17,5.102811424635341,2.1338912506765793,3.5905732094106635,0.5364907363665821,0.7080342560879306,0.0,2.0038981589355975,0.0,2.2888515608024393,0.0,0.0,0.0,0.0,2.0943446047662158,0.0,2.0001554898008824,2.0017996787261234,0.0
18,4.286361596693687,2.1338912506765793,1.4362292837642654,0.26824536818329103,3.540171280439653,0.0,2.0038981589355975,0.0,2.2888515608024393,0.0,0.0,0.0,0.0,2.0943446047662158,0.0,2.0001554898008824,2.0017996787261234,0.0
19,6.531598623533236,1.4225941671177194,3.5905732094106635,2.414208313649619,3.540171280439653,0.0,2.0038981589355975,0.0,0.0,2.296194606901913,0.0,0.0,0.0,2.0943446047662158,0.0,2.0001554898008824,2.0017996787261234,0.0
20,6.735711080518651,2.1338912506765793,2.872458567528531,1.877717577283037,2.124102768263792,0.0,2.0038981589355975,0.0,0.0,0.0,2.3351872657080683,0.0,2.1239835806101177,0.0,2.0001554898008798,0.0,2.0017996787261234,0.0
21,4.286361596693687,0.7112970835588597,1.4362292837642654,2.414208313649619,2.8321370243517223,0.0,2.0038981589355975,2.3191204410382538,0.0,0.0,0.0,2.149647404714473,0.0,0.0,0.0,2.0001554898008824,2.0017996787261234,0.0
22,6.12337370956241,0.7112970835588597,3.5905732094106635,2.68245368183291,2.124102768263792,0.0,2.0038981589355975,2.3191204410382538,0.0,0.0,0.0,0.0,2.1239835806101177,0.0,0.0,2.0001554898008824,2.0017996787261234,0.0
23,5.3069238816207545,0.7112970835588597,2.872458567528531,2.68245368183291,2.8321370243517223,0.0,2.0038981589355975,2.3191204410382538,0.0,0.0,0.0,0.0,0.0,2.0943446047662158,0.0,2.0001554898008824,0.0,2.0017996787261216
24,5.102811424635341,2.8451883342354387,1.4362292837642654,0.26824536818329103,2.124102768263792,0.0,2.0038981589355975,0.0,0.0,2.296194606901913,0.0,0.0,2.1239835806101177,0.0,2.0001554898008798,0.0,0.0,2.0017996787261216
25,5.511036338606169,2.8451883342354387,1.4362292837642654,0.5364907363665821,2.8321370243517223,2.003898158935596,0.0,2.3191204410382538,0.0,0.0,0.0,0.0,0.0,2.0943446047662158,2.0001554898008798,0.0,0.0,2.0017996787261216
26,4.898698967649928,1.4225941671177194,1.4362292837642654,2.414208313649619,1.4160685121758612,0.0,2.0038981589355975,2.3191204410382538,0.0,0.0,0.0,2.149647404714473,0.0,0.0,2.0001554898008798,0.0,0.0,2.0017996787261216
27,4.0822491397082725,2.8451883342354387,0.7181146418821327,1.0729814727331641,2.8321370243517223,0.0,2.0038981589355975,0.0,0.0,2.296194606901913,0.0,0.0,0.0,2.0943446047662158,2.0001554898008798,0.0,0.0,2.0017996787261216
28,5.511036338606169,3.5564854177942986,0.7181146418821327,1.877717577283037,0.7080342560879306,2.003898158935596,0.0,0.0,2.2888515608024393,0.0,0.0,0.0,0.0,2.0943446047662158,2.0001554898008798,0.0,0.0,2.0017996787261216
29,6.735711080518651,1.4225941671177194,3.5905732094106635,0.804736104549873,2.124102768263792,2.003898158935596,0.0,0.0,0.0,2.296194606901913,0.0,0.0,2.1239835806101177,0.0,0.0,2.0001554898008824,0.0,2.0017996787261216
30,4.0822491397082725,0.7112970835588597,2.154343925646398,0.5364907363665821,1.4160685121758612,2.003898158935596,0.0,0.0,2.2888515608024393,0.0,0.0,0.0,0.0,2.0943446047662158,2.0001554898008798,0.0,0.0,2.0017996787261216
31,4.4904740536791,2.8451883342354387,1.4362292837642654,2.1459629454663283,1.4160685121758612,2.003898158935596,0.0,2.3191204410382538,0.0,0.0,0.0,2.149647404714473,0.0,0.0,0.0,2.0001554898008824,2.0017996787261234,0.0
32,6.531598623533236,3.5564854177942986,2.154343925646398,1.877717577283037,0.7080342560879306,0.0,2.0038981589355975,0.0,0.0,0.0,2.3351872657080683,2.149647404714473,0.0,0.0,2.0001554898008798,0.0,2.0017996787261234,0.0
33,3.674024225737446,2.1338912506765793,2.872458567528531,2.414208313649619,0.7080342560879306,0.0,2.0038981589355975,2.3191204410382538,0.0,0.0,0.0,2.149647404714473,0.0,0.0,0.0,2.0001554898008824,2.0017996787261234,0.0
34,4.0822491397082725,2.8451883342354387,1.4362292837642654,1.341226840916455,2.8321370243517223,0.0,2.0038981589355975,0.0,0.0,2.296194606901913,0.0,0.0,0.0,2.0943446047662158,0.0,2.0001554898008824,0.0,2.0017996787261216
35,6.12337370956241,1.4225941671177194,1.4362292837642654,2.68245368183291,2.8321370243517223,2.003898158935596,0.0,0.0,0.0,2.296194606901913,0.0,2.149647404714473,0.0,0.0,2.0001554898008798,0.0,2.0017996787261234,0.0
36,6.735711080518651,1.4225941671177194,2.154343925646398,3.218944418199492,3.540171280439653,2.003898158935596,0.0,0.0,2.2888515608024393,0.0,0.0,0.0,2.1239835806101177,0.0,0.0,2.0001554898008824,0.0,2.0017996787261216
37,4.6945865106645135,0.7112970835588597,2.154343925646398,0.0,2.124102768263792,2.003898158935596,0.0,0.0,0.0,2.296194606901913,0.0,2.149647404714473,0.0,0.0,0.0,2.0001554898008824,2.0017996787261234,0.0
38,4.898698967649928,2.1338912506765793,2.872458567528531,2.1459629454663283,2.124102768263792,0.0,2.0038981589355975,0.0,0.0,2.296194606901913,0.0,0.0,2.1239835806101177,0.0,0.0,2.0001554898008824,2.0017996787261234,0.0
39,6.327486166547823,1.4225941671177194,0.7181146418821327,1.341226840916455,1.4160685121758612,2.003898158935596,0.0,0.0,0.0,2.296194606901913,0.0,0.0,2.1239835806101177,0.0,0.0,2.0001554898008824,2.0017996787261234,0.0
40,4.4904740536791,1.4225941671177194,0.7181146418821327,3.218944418199492,1.4160685121758612,0.0,2.0038981589355975,0.0,0.0,2.296194606901913,0.0,0.0,0.0,2.0943446047662158,0.0,2.0001554898008824,2.0017996787261234,0.0
41,5.919261252576995,0.7112970835588597,2.154343925646398,0.5364907363665821,2.124102768263792,0.0,2.0038981589355975,0.0,0.0,2.296194606901913,0.0,0.0,0.0,2.0943446047662158,0.0,2.0001554898008824,2.0017996787261234,0.0
42,5.511036338606169,3.5564854177942986,1.4362292837642654,1.341226840916455,3.540171280439653,2.003898158935596,0.0,0.0,0.0,2.296194606901913,0.0,0.0,0.0,2.0943446047662158,2.0001554898008798,0.0,2.0017996787261234,0.0
43,5.102811424635341,0.7112970835588597,1.4362292837642654,3.218944418199492,2.8321370243517223,2.003898158935596,0.0,0.0,2.2888515608024393,0.0,0.0,2.149647404714473,0.0,0.0,2.0001554898008798,0.0,0.0,2.0017996787261216
44,5.919261252576995,2.8451883342354387,2.154343925646398,1.0729814727331641,1.4160685121758612,2.003898158935596,0.0,0.0,2.2888515608024393,0.0,0.0,0.0,0.0,2.0943446047662158,0.0,2.0001554898008824,0.0,2.0017996787261216
45,6.735711080518651,2.1338912506765793,1.4362292837642654,2.950699050016201,3.540171280439653,2.003898158935596,0.0,0.0,2.2888515608024393,0.0,0.0,0.0,2.1239835806101177,0.0,2.0001554898008798,0.0,0.0,2.0017996787261216
46,5.511036338606169,0.7112970835588597,1.4362292837642654,2.68245368183291,0.7080342560879306,0.0,2.0038981589355975,0.0,2.2888515608024393,0.0,0.0,2.149647404714473,0.0,0.0,0.0,2.0001554898008824,2.0017996787261234,0.0
47,3.878136682722859,0.7112970835588597,0.7181146418821327,1.609472209099746,1.4160685121758612,2.003898158935596,0.0,0.0,0.0,0.0,2.3351872657080683,0.0,0.0,2.0943446047662158,2.0001554898008798,0.0,0.0,2.0017996787261216
48,5.715148795591582,2.1338912506765793,1.4362292837642654,0.804736104549873,0.7080342560879306,0.0,2.0038981589355975,0.0,0.0,0.0,2.3351872657080683,2.149647404714473,0.0,0.0,2.0001554898008798,0.0,0.0,2.0017996787261216
49,3.878136682722859,2.8451883342354387,2.872458567528531,0.26824536818329103,2.8321370243517223,0.0,2.0038981589355975,2.3191204410382538,0.0,0.0,0.0,0.0,0.0,2.0943446047662158,0.0,2.0001554898008824,0.0,2.0017996787261216
50,4.4904740536791,2.8451883342354387,1.4362292837642654,2.68245368183291,0.7080342560879306,0.0,2.0038981589355975,0.0,0.0,0.0,2.3351872657080683,0.0,0.0,2.0943446047662158,2.0001554898008798,0.0,0.0,2.0017996787261216
51,4.0822491397082725,2.1338912506765793,3.5905732094106635,2.950699050016201,2.8321370243517223,0.0,2.0038981589355975,0.0,0.0,0.0,2.3351872657080683,0.0,0.0,2.0943446047662158,2.0001554898008798,0.0,2.0017996787261234,0.0
52,4.6945865106645135,3.5564854177942986,1.4362292837642654,2.68245368183291,2.8321370243517223,0.0,2.0038981589355975,0.0,0.0,0.0,2.3351872657080683,0.0,2.1239835806101177,0.0,2.0001554898008798,0.0,2.0017996787261234,0.0
53,6.531598623533236,2.1338912506765793,0.7181146418821327,0.26824536818329103,2.8321370243517223,0.0,2.0038981589355975,0.0,2.2888515608024393,0.0,0.0,0.0,0.0,2.0943446047662158,0.0,2.0001554898008824,2.0017996787261234,0.0
54,5.919261252576995,1.4225941671177194,2.872458567528531,2.68245368183291,3.540171280439653,0.0,2.0038981589355975,0.0,0.0,0.0,2.3351872657080683,0.0,0.0,2.0943446047662158,2.0001554898008798,0.0,2.0017996787261234,0.0
55,4.6945865106645135,0.7112970835588597,2.872458567528531,1.877717577283037,1.4160685121758612,0.0,2.0038981589355975,0.0,0.0,0.0,2.3351872657080683,0.0,0.0,2.0943446047662158,0.0,2.0001554898008824,0.0,2.0017996787261216
56,4.286361596693687,2.1338912506765793,0.7181146418821327,2.414208313649619,2.124102768263792,2.003898158935596,0.0,0.0,0.0,2.296194606901913,0.0,2.149647404714473,0.0,0.0,0.0,2.0001554898008824,0.0,2.0017996787261216
57,6.735711080518651,3.5564854177942986,3.5905732094106635,2.950699050016201,0.7080342560879306,0.0,2.0038981589355975,0.0,0.0,0.0,2.3351872657080683,0.0,2.1239835806101177,0.0,0.0,2.0001554898008824,0.0,2.0017996787261216
58,5.919261252576995,2.8451883342354387,1.4362292837642654,0.0,0.7080342560879306,2.003898158935596,0.0,0.0,0.0,2.296194606901913,0.0,0.0,2.1239835806101177,0.0,2.0001554898008798,0.0,0.0,2.0017996787261216
59,4.0822491397082725,0.7112970835588597,2.154343925646398,0.0,3.540171280439653,2.003898158935596,0.0,0.0,2.2888515608024393,0.0,0.0,2.149647404714473,0.0,0.0,0.0,2.0001554898008824,2.0017996787261234,0.0
60,6.12337370956241,2.1338912506765793,1.4362292837642654,0.5364907363665821,2.8321370243517223,0.0,2.0038981589355975,0.0,2.2888515608024393,0.0,0.0,0.0,0.0,2.0943446047662158,0.0,2.0001554898008824,0.0,2.0017996787261216
61,6.327486166547823,2.8451883342354387,3.5905732094106635,2.68245368183291,2.8321370243517223,2.003898158935596,0.0,0.0,2.2888515608024393,0.0,0.0,0.0,2.1239835806101177,0.0,0.0,2.0001554898008824,0.0,2.0017996787261216
62,6.939823537504064,2.1338912506765793,2.872458567528531,3.218944418199492,0.7080342560879306,2.003898158935596,0.0,0.0,0.0,2.296194606901913,0.0,0.0,0.0,2.0943446047662158,0.0,2.0001554898008824,0.0,2.0017996787261216
63,6.12337370956241,1.4225941671177194,2.154343925646398,0.5364907363665821,0.7080342560879306,2.003898158935596,0.0,0.0,0.0,2.296194606901913,0.0,0.0,0.0,2.0943446047662158,2.0001554898008798,0.0,2.0017996787261234,0.0
64,6.531598623533236,3.5564854177942986,0.7181146418821327,3.218944418199492,3.540171280439653,0.0,2.0038981589355975,2.3191204410382538,0.0,0.0,0.0,0.0,2.1239835806101177,0.0,0.0,2.0001554898008824,2.0017996787261234,0.0
65,6.12337370956241,2.1338912506765793,2.872458567528531,0.0,1.4160685121758612,0.0,2.0038981589355975,0.0,2.2888515608024393,0.0,0.0,0.0,2.1239835806101177,0.0,0.0,2.0001554898008824,0.0,2.0017996787261216
66,4.0822491397082725,2.8451883342354387,0.7181146418821327,0.804736104549873,2.8321370243517223,2.003898158935596,0.0,0.0,0.0,0.0,2.3351872657080683,2.149647404714473,0.0,0.0,0.0,2.0001554898008824,0.0,2.0017996787261216
67,5.919261252576995,2.1338912506765793,3.5905732094106635,2.68245368183291,0.7080342560879306,2.003898158935596,0.0,2.3191204410382538,0.0,0.0,0.0,2.149647404714473,0.0,0.0,2.0001554898008798,0.0,0.0,2.0017996787261216
68,4.4904740536791,1.4225941671177194,3.5905732094106635,1.877717577283037,3.540171280439653,2.003898158935596,0.0,0.0,0.0,0.0,2.3351872657080683,0.0,0.0,2.0943446047662158,0.0,2.0001554898008824,2.0017996787261234,0.0
69,5.3069238816207545,2.8451883342354387,3.5905732094106635,1.0729814727331641,0.7080342560879306,0.0,2.0038981589355975,0.0,0.0,2.296194606901913,0.0,0.0,0.0,2.0943446047662158,2.0001554898008798,0.0,0.0,2.0017996787261216
70,6.531598623533236,1.4225941671177194,2.154343925646398,1.609472209099746,0.7080342560879306,2.003898158935596,0.0,0.0,2.2888515608024393,0.0,0.0,0.0,2.1239835806101177,0.0,2.0001554898008798,0.0,2.0017996787261234,0.0
71,4.0822491397082725,1.4225941671177194,2.872458567528531,3.218944418199492,3.540171280439653,0.0,2.0038981589355975,0.0,0.0,2.296194606901913,0.0,2.149647404714473,0.0,0.0,2.0001554898008798,0.0,0.0,2.0017996787261216
72,6.12337370956241,3.5564854177942986,0.7181146418821327,0.5364907363665821,3.540171280439653,0.0,2.0038981589355975,0.0,0.0,2.296194606901913,0.0,0.0,0.0,2.0943446047662158,2.0001554898008798,0.0,0.0,2.0017996787261216
73,6.12337370956241,2.8451883342354387,2.154343925646398,2.1459629454663283,1.4160685121758612,2.003898158935596,0.0,0.0,0.0,0.0,2.3351872657080683,0.0,0.0,2.0943446047662158,2.0001554898008798,0.0,0.0,2.0017996787261216
74,4.0822491397082725,1.4225941671177194,2.154343925646398,0.804736104549873,0.7080342560879306,0.0,2.0038981589355975,0.0,0.0,0.0,2.3351872657080683,0.0,0.0,2.0943446047662158,2.0001554898008798,0.0,2.0017996787261234,0.0
75,3.878136682722859,2.8451883342354387,3.5905732094106635,1.609472209099746,1.4160685121758612,2.003898158935596,0.0,0.0,0.0,2.296194606901913,0.0,0.0,2.1239835806101177,0.0,2.0001554898008798,0.0,0.0,2.0017996787261216
76,3.674024225737446,3.5564854177942986,1.4362292837642654,0.5364907363665821,2.124102768263792,2.003898158935596,0.0,0.0,0.0,2.296194606901913,0.0,0.0,2.1239835806101177,0.0,2.0001554898008798,0.0,0.0,2.0017996787261216
77,6.735711080518651,0.7112970835588597,1.4362292837642654,0.26824536818329103,2.124102768263792,0.0,2.0038981589355975,0.0,0.0,2.296194606901913,0.0,2.149647404714473,0.0,0.0,2.0001554898008798,0.0,2.0017996787261234,0.0
78,5.102811424635341,2.8451883342354387,2.154343925646398,0.26824536818329103,2.8321370243517223,0.0,2.0038981589355975,0.0,0.0,2.296194606901913,0.0,0.0,0.0,2.0943446047662158,2.0001554898008798,0.0,2.0017996787261234,0.0
79,4.4904740536791,0.7112970835588597,2.872458567528531,2.68245368183291,1.4160685121758612,2.003898158935596,0.0,0.0,2.2888515608024393,0.0,0.0,0.0,0.0,2.0943446047662158,0.0,2.0001554898008824,0.0,2.0017996787261216
80,4.0822491397082725,2.8451883342354387,2.154343925646398,2.414208313649619,3.540171280439653,0.0,2.0038981589355975,2.3191204410382538,0.0,0.0,0.0,2.149647404714473,0.0,0.0,2.0001554898008798,0.0,2.0017996787261234,0.0
81,5.715148795591582,2.8451883342354387,2.154343925646398,1.609472209099746,2.124102768263792,2.003898158935596,0.0,2.3191204410382538,0.0,0.0,0.0,0.0,0.0,2.0943446047662158,0.0,2.0001554898008824,0.0,2.0017996787261216
82,4.0822491397082725,2.8451883342354387,0.7181146418821327,1.0729814727331641,3.540171280439653,2.003898158935596,0.0,2.3191204410382538,0.0,0.0,0.0,0.0,0.0,2.0943446047662158,2.0001554898008798,0.0,2.0017996787261234,0.0
83,4.286361596693687,1.4225941671177194,2.872458567528531,0.804736104549873,2.124102768263792,0.0,2.0038981589355975,0.0,0.0,0.0,2.3351872657080683,0.0,0.0,2.0943446047662158,0.0,2.0001554898008824,0.0,2.0017996787261216
84,5.715148795591582,1.4225941671177194,2.872458567528531,0.5364907363665821,2.8321370243517223,2.003898158935596,0.0,0.0,2.2888515608024393,0.0,0.0,2.149647404714473,0.0,0.0,0.0,2.0001554898008824,0.0,2.0017996787261216
85,6.12337370956241,3.5564854177942986,2.872458567528531,3.218944418199492,0.7080342560879306,2.003898158935596,0.0,0.0,0.0,0.0,2.3351872657080683,0.0,0.0,2.0943446047662158,2.0001554898008798,0.0,0.0,2.0017996787261216
86,5.511036338606169,2.1338912506765793,2.154343925646398,2.950699050016201,0.7080342560879306,2.003898158935596,0.0,0.0,2.2888515608024393,0.0,0.0,0.0,0.0,2.0943446047662158,2.0001554898008798,0.0,2.0017996787261234,0.0
87,5.919261252576995,2.1338912506765793,2.154343925646398,0.26824536818329103,2.124102768263792,0.0,2.0038981589355975,0.0,2.2888515608024393,0.0,0.0,0.0,0.0,2.0943446047662158,0.0,2.0001554898008824,0.0,2.0017996787261216
88,5.511036338606169,2.1338912506765793,0.7181146418821327,2.414208313649619,3.540171280439653,0.0,2.0038981589355975,2.3191204410382538,0.0,0.0,0.0,0.0,2.1239835806101177,0.0,0.0,2.0001554898008824,0.0,2.0017996787261216
89,5.715148795591582,2.1338912506765793,2.872458567528531,0.804736104549873,0.7080342560879306,2.003898158935596,0.0,0.0,2.2888515608024393,0.0,0.0,0.0,2.1239835806101177,0.0,2.0001554898008798,0.0,2.0017996787261234,0.0
90,4.0822491397082725,2.1338912506765793,0.7181146418821327,2.414208313649619,1.4160685121758612,0.0,2.0038981589355975,0.0,0.0,0.0,2.3351872657080683,0.0,0.0,2.0943446047662158,0.0,2.0001554898008824,2.0017996787261234,0.0
91,4.286361596693687,3.5564854177942986,2.872458567528531,0.0,3.540171280439653,2.003898158935596,0.0,0.0,0.0,0.0,2.3351872657080683,0.0,0.0,2.0943446047662158,2.0001554898008798,0.0,2.0017996787261234,0.0
92,6.939823537504064,1.4225941671177194,2.154343925646398,3.218944418199492,1.4160685121758612,0.0,2.0038981589355975,2.3191204410382538,0.0,0.0,0.0,0.0,2.1239835806101177,0.0,2.0001554898008798,0.0,2.0017996787261234,0.0
93,4.6945865106645135,2.1338912506765793,3.5905732094106635,2.68245368183291,3.540171280439653,0.0,2.0038981589355975,2.3191204410382538,0.0,0.0,0.0,2.149647404714473,0.0,0.0,0.0,2.0001554898008824,0.0,2.0017996787261216
94,3.674024225737446,2.1338912506765793,2.872458567528531,2.414208313649619,0.7080342560879306,0.0,2.0038981589355975,0.0,0.0,2.296194606901913,0.0,0.0,2.1239835806101177,0.0,0.0,2.0001554898008824,2.0017996787261234,0.0
95,6.939823537504064,2.1338912506765793,2.154343925646398,3.218944418199492,3.540171280439653,2.003898158935596,0.0,0.0,0.0,0.0,2.3351872657080683,0.0,2.1239835806101177,0.0,2.0001554898008798,0.0,2.0017996787261234,0.0
96,4.0822491397082725,2.8451883342354387,2.872458567528531,2.950699050016201,1.4160685121758612,0.0,2.0038981589355975,2.3191204410382538,0.0,0.0,0.0,0.0,0.0,2.0943446047662158,0.0,2.0001554898008824,0.0,2.0017996787261216
97,4.6945865106645135,2.8451883342354387,0.7181146418821327,2.1459629454663283,2.8321370243517223,2.003898158935596,0.0,0.0,0.0,0.0,2.3351872657080683,2.149647404714473,0.0,0.0,2.0001554898008798,0.0,2.0017996787261234,0.0
98,5.715148795591582,2.8451883342354387,3.5905732094106635,0.804736104549873,2.8321370243517223,2.003898158935596,0.0,2.3191204410382538,0.0,0.0,0.0,0.0,0.0,2.0943446047662158,2.0001554898008798,0.0,2.0017996787261234,0.0
99,6.531598623533236,2.1338912506765793,2.154343925646398,2.1459629454663283,2.8321370243517223,0.0,2.0038981589355975,2.3191204410382538,0.0,0.0,0.0,2.149647404714473,0.0,0.0,0.0,2.0001554898008824,0.0,2.0017996787261216
100,5.511036338606169,3.5564854177942986,1.4362292837642654,2.1459629454663283,0.7080342560879306,0.0,2.0038981589355975,0.0,2.2888515608024393,0.0,0.0,2.149647404714473,0.0,0.0,0.0,2.0001554898008824,2.0017996787261234,0.0
101,6.735711080518651,1.4225941671177194,2.872458567528531,2.68245368183291,2.124102768263792,2.003898158935596,0.0,0.0,0.0,2.296194606901913,0.0,0.0,2.1239835806101177,0.0,0.0,2.0001554898008824,0.0,2.0017996787261216
102,5.511036338606169,3.5564854177942986,3.5905732094106635,1.609472209099746,2.124102768263792,0.0,2.0038981589355975,0.0,0.0,2.296194606901913,0.0,2.149647404714473,0.0,0.0,0.0,2.0001554898008824,0.0,2.0017996787261216
103,4.898698967649928,1.4225941671177194,3.5905732094106635,1.341226840916455,2.8321370243517223,0.0,2.0038981589355975,0.0,2.2888515608024393,0.0,0.0,0.0,0.0,2.0943446047662158,0.0,2.0001554898008824,2.0017996787261234,0.0
104,5.715148795591582,3.5564854177942986,1.4362292837642654,0.804736104549873,3.540171280439653,2.003898158935596,0.0,2.3191204410382538,0.0,0.0,0.0,2.149647404714473,0.0,0.0,0.0,2.0001554898008824,2.0017996787261234,0.0
105,6.531598623533236,3.5564854177942986,0.7181146418821327,0.5364907363665821,2.124102768263792,0.0,2.0038981589355975,0.0,0.0,0.0,2.3351872657080683,2.149647404714473,0.0,0.0,2.0001554898008798,0.0,0.0,2.0017996787261216
106,5.3069238816207545,1.4225941671177194,0.7181146418821327,0.804736104549873,2.124102768263792,0.0,2.0038981589355975,0.0,0.0,0.0,2.3351872657080683,0.0,0.0,2.0943446047662158,0.0,2.0001554898008824,2.0017996787261234,0.0
107,6.735711080518651,2.1338912506765793,1.4362292837642654,2.1459629454663283,1.4160685121758612,0.0,2.0038981589355975,0.0,2.2888515608024393,0.0,0.0,2.149647404714473,0.0,0.0,2.0001554898008798,0.0,0.0,2.0017996787261216
108,6.939823537504064,2.1338912506765793,2.872458567528531,1.0729814727331641,1.4160685121758612,0.0,2.0038981589355975,2.3191204410382538,0.0,0.0,0.0,2.149647404714473,0.0,0.0,2.0001554898008798,0.0,0.0,2.0017996787261216
109,4.6945865106645135,2.1338912506765793,2.154343925646398,2.950699050016201,0.7080342560879306,0.0,2.0038981589355975,0.0,2.2888515608024393,0.0,0.0,0.0,0.0,2.0943446047662158,0.0,2.0001554898008824,0.0,2.0017996787261216
110,3.674024225737446,2.1338912506765793,3.5905732094106635,1.0729814727331641,0.7080342560879306,2.003898158935596,0.0,0.0,2.2888515608024393,0.0,0.0,0.0,2.1239835806101177,0.0,2.0001554898008798,0.0,0.0,2.0017996787261216
111,6.12337370956241,0.7112970835588597,3.5905732094106635,0.0,0.7080342560879306,0.0,2.0038981589355975,0.0,0.0,2.296194606901913,0.0,0.0,2.1239835806101177,0.0,0.0,2.0001554898008824,2.0017996787261234,0.0
112,5.3069238816207545,2.8451883342354387,2.154343925646398,1.877717577283037,2.8321370243517223,0.0,2.0038981589355975,0.0,2.2888515608024393,0.0,0.0,2.149647404714473,0.0,0.0,0.0,2.0001554898008824,0.0,2.0017996787261216
113,5.3069238816207545,2.8451883342354387,1.4362292837642654,1.0729814727331641,1.4160685121758612,2.003898158935596,0.0,0.0,0.0,0.0,2.3351872657080683,2.149647404714473,0.0,0.0,2.0001554898008798,0.0,0.0,2.0017996787261216
114,5.102811424635341,0.7112970835588597,2.872458567528531,3.218944418199492,2.8321370243517223,0.0,2.0038981589355975,0.0,2.2888515608024393,0.0,0.0,0.0,0.0,2.0943446047662158,0.0,2.0001554898008824,2.0017996787261234,0.0
115,3.674024225737446,0.7112970835588597,3.5905732094106635,1.877717577283037,3.540171280439653,2.003898158935596,0.0,0.0,0.0,0.0,2.3351872657080683,0.0,2.1239835806101177,0.0,0.0,2.0001554898008824,2.0017996787261234,0.0
116,4.898698967649928,2.8451883342354387,3.5905732094106635,1.0729814727331641,0.7080342560879306,0.0,2.0038981589355975,0.0,2.2888515608024393,0.0,0.0,0.0,2.1239835806101177,0.0,2.0001554898008798,0.0,2.0017996787261234,0.0
117,6.531598623533236,0.7112970835588597,2.154343925646398,0.0,2.8321370243517223,0.0,2.0038981589355975,0.0,2.2888515608024393,0.0,0.0,0.0,0.0,2.0943446047662158,0.0,2.0001554898008824,0.0,2.0017996787261216
118,4.0822491397082725,2.1338912506765793,2.872458567528531,2.950699050016201,2.8321370243517223,2.003898158935596,0.0,0.0,2.2888515608024393,0.0,0.0,2.149647404714473,0.0,0.0,0.0,2.0001554898008824,2.0017996787261234,0.0
119,4.0822491397082725,2.1338912506765793,2.872458567528531,2.414208313649619,3.540171280439653,0.0,2.0038981589355975,0.0,0.0,2.296194606901913,0.0,0.0,2.1239835806101177,0.0,2.0001554898008798,0.0,0.0,2.0017996787261216
120,4.4904740536791,3.5564854177942986,3.5905732094106635,0.0,2.124102768263792,2.003898158935596,0.0,2.3191204410382538,0.0,0.0,0.0,0.0,0.0,2.0943446047662158,2.0001554898008798,0.0,2.0017996787261234,0.0
121,6.939823537504064,0.7112970835588597,2.872458567528531,1.0729814727331641,2.124102768263792,0.0,2.0038981589355975,0.0,2.2888515608024393,0.0,0.0,2.149647404714473,0.0,0.0,2.0001554898008798,0.0,2.0017996787261234,0.0
122,4.4904740536791,0.7112970835588597,0.7181146418821327,0.5364907363665821,1.4160685121758612,2.003898158935596,0.0,0.0,0.0,2.296194606901913,0.0,2.149647404714473,0.0,0.0,2.0001554898008798,0.0,2.0017996787261234,0.0
123,3.878136682722859,3.5564854177942986,0.7181146418821327,1.877717577283037,2.124102768263792,0.0,2.0038981589355975,0.0,0.0,2.296194606901913,0.0,2.149647404714473,0.0,0.0,0.0,2.0001554898008824,2.0017996787261234,0.0
124,4.898698967649928,1.4225941671177194,1.4362292837642654,1.341226840916455,2.124102768263792,2.003898158935596,0.0,2.3191204410382538,0.0,0.0,0.0,0.0,2.1239835806101177,0.0,0.0,2.0001554898008824,2.0017996787261234,0.0
125,6.12337370956241,3.5564854177942986,0.7181146418821327,2.414208313649619,0.7080342560879306,2.003898158935596,0.0,0.0,0.0,2.296194606901913,0.0,0.0,0.0,2.0943446047662158,2.0001554898008798,0.0,2.0017996787261234,0.0
126,4.286361596693687,0.7112970835588597,0.7181146418821327,3.218944418199492,0.7080342560879306,2.003898158935596,0.0,0.0,0.0,2.296194606901913,0.0,0.0,2.1239835806101177,0.0,2.0001554898008798,0.0,2.0017996787261234,0.0
127,4.0822491397082725,0.7112970835588597,2.154343925646398,1.877717577283037,1.4160685121758612,0.0,2.0038981589355975,0.0,0.0,0.0,2.3351872657080683,0.0,2.1239835806101177,0.0,2.0001554898008798,0.0,2.0017996787261234,0.0
128,4.898698967649928,2.1338912506765793,0.7181146418821327,2.950699050016201,2.124102768263792,2.003898158935596,0.0,0.0,0.0,0.0,2.3351872657080683,0.0,0.0,2.0943446047662158,0.0,2.0001554898008824,0.0,2.0017996787261216
129,6.12337370956241,3.5564854177942986,2.154343925646398,1.609472209099746,1.4160685121758612,2.003898158935596,0.0,0.0,0.0,0.0,2.3351872657080683,0.0,2.1239835806101177,0.0,0.0,2.0001554898008824,2.0017996787261234,0.0
130,5.715148795591582,1.4225941671177194,3.5905732094106635,1.0729814727331641,0.7080342560879306,0.0,2.0038981589355975,2.3191204410382538,0.0,0.0,0.0,2.149647404714473,0.0,0.0,2.0001554898008798,0.0,0.0,2.0017996787261216
131,5.102811424635341,2.1338912506765793,1.4362292837642654,1.0729814727331641,2.8321370243517223,0.0,2.0038981589355975,0.0,0.0,0.0,2.3351872657080683,0.0,0.0,2.0943446047662158,0.0,2.0001554898008824,2.0017996787261234,0.0
132,6.531598623533236,3.5564854177942986,2.872458567528531,0.0,2.124102768263792,2.003898158935596,0.0,0.0,0.0,2.296194606901913,0.0,0.0,0.0,2.0943446047662158,0.0,2.0001554898008824,0.0,2.0017996787261216
133,6.939823537504064,2.8451883342354387,1.4362292837642654,1.609472209099746,1.4160685121758612,2.003898158935596,0.0,0.0,0.0,0.0,2.3351872657080683,0.0,2.1239835806101177,0.0,0.0,2.0001554898008824,2.0017996787261234,0.0
134,6.939823537504064,2.1338912506765793,3.5905732094106635,0.804736104549873,3.540171280439653,2.003898158935596,0.0,0.0,0.0,2.296194606901913,0.0,0.0,2.1239835806101177,0.0,0.0,2.0001554898008824,2.0017996787261234,0.0
135,4.6945865106645135,0.7112970835588597,3.5905732094106635,2.950699050016201,1.4160685121758612,0.0,2.0038981589355975,0.0,0.0,2.296194606901913,0.0,0.0,2.1239835806101177,0.0,2.0001554898008798,0.0,0.0,2.0017996787261216
136,6.327486166547823,0.7112970835588597,2.872458567528531,1.0729814727331641,2.8321370243517223,0.0,2.0038981589355975,0.0,0.0,0.0,2.3351872657080683,2.149647404714473,0.0,0.0,2.0001554898008798,0.0,0.0,2.0017996787261216
137,4.898698967649928,3.5564854177942986,1.4362292837642654,1.0729814727331641,3.540171280439653,0.0,2.0038981589355975,0.0,2.2888515608024393,0.0,0.0,0.0,0.0,2.0943446047662158,2.0001554898008798,0.0,2.0017996787261234,0.0
138,4.898698967649928,2.8451883342354387,1.4362292837642654,2.1459629454663283,3.540171280439653,2.003898158935596,0.0,0.0,0.0,2.296194606901913,0.0,0.0,0.0,2.0943446047662158,2.0001554898008798,0.0,0.0,2.0017996787261216
139,5.511036338606169,1.4225941671177194,3.5905732094106635,0.5364907363665821,3.540171280439653,0.0,2.0038981589355975,0.0,0.0,2.296194606901913,0.0,0.0,2.1239835806101177,0.0,2.0001554898008798,0.0,0.0,2.0017996787261216
140,6.12337370956241,2.1338912506765793,2.154343925646398,1.0729814727331641,2.8321370243517223,0.0,2.0038981589355975,2.3191204410382538,0.0,0.0,0.0,0.0,2.1239835806101177,0.0,2.0001554898008798,0.0,0.0,2.0017996787261216
141,4.4904740536791,1.4225941671177194,2.872458567528531,0.804736104549873,2.124102768263792,0.0,2.0038981589355975,0.0,0.0,2.296194606901913,0.0,2.149647404714473,0.0,0.0,2.0001554898008798,0.0,2.0017996787261234,0.0
142,5.715148795591582,2.8451883342354387,1.4362292837642654,2.950699050016201,0.7080342560879306,0.0,2.0038981589355975,2.3191204410382538,0.0,0.0,0.0,0.0,0.0,2.0943446047662158,2.0001554898008798,0.0,0.0,2.0017996787261216
143,6.327486166547823,3.5564854177942986,2.872458567528531,1.609472209099746,2.8321370243517223,2.003898158935596,0.0,2.3191204410382538,0.0,0.0,0.0,2.149647404714473,0.0,0.0,0.0,2.0001554898008824,2.0017996787261234,0.0
144,6.939823537504064,3.5564854177942986,0.7181146418821327,1.609472209099746,2.8321370243517223,0.0,2.0038981589355975,0.0,0.0,2.296194606901913,0.0,0.0,2.1239835806101177,0.0,0.0,2.0001554898008824,2.0017996787261234,0.0
145,5.919261252576995,2.1338912506765793,2.154343925646398,1.341226840916455,3.540171280439653,2.003898158935596,0.0,0.0,2.2888515608024393,0.0,0.0,2.149647404714473,0.0,0.0,0.0,2.0001554898008824,0.0,2.0017996787261216
146,4.4904740536791,2.1338912506765793,2.154343925646398,1.877717577283037,2.8321370243517223,2.003898158935596,0.0,0.0,2.2888515608024393,0.0,0.0,0.0,2.1239835806101177,0.0,0.0,2.0001554898008824,2.0017996787261234,0.0
147,5.102811424635341,0.7112970835588597,2.154343925646398,2.1459629454663283,0.7080342560879306,0.0,2.0038981589355975,0.0,2.2888515608024393,0.0,0.0,0.0,0.0,2.0943446047662158,2.0001554898008798,0.0,0.0,2.0017996787261216
148,4.4904740536791,0.7112970835588597,1.4362292837642654,0.804736104549873,2.8321370243517223,2.003898158935596,0.0,0.0,0.0,0.0,2.3351872657080683,2.149647404714473,0.0,0.0,0.0,2.0001554898008824,2.0017996787261234,0.0
149,6.735711080518651,1.4225941671177194,3.5905732094106635,0.0,0.7080342560879306,0.0,2.0038981589355975,0.0,0.0,2.296194606901913,0.0,0.0,2.1239835806101177,0.0,0.0,2.0001554898008824,0.0,2.0017996787261216
150,4.286361596693687,0.7112970835588597,2.872458567528531,1.341226840916455,3.540171280439653,0.0,2.0038981589355975,0.0,0.0,2.296194606901913,0.0,0.0,2.1239835806101177,0.0,0.0,2.0001554898008824,0.0,2.0017996787261216
151,6.735711080518651,1.4225941671177194,3.5905732094106635,1.609472209099746,3.540171280439653,0.0,2.0038981589355975,0.0,0.0,0.0,2.3351872657080683,0.0,0.0,2.0943446047662158,0.0,2.0001554898008824,0.0,2.0017996787261216
152,6.327486166547823,0.7112970835588597,2.872458567528531,0.0,0.7080342560879306,2.003898158935596,0.0,0.0,0.0,0.0,2.3351872657080683,0.0,0.0,2.0943446047662158,0.0,2.0001554898008824,2.0017996787261234,0.0
153,5.102811424635341,2.1338912506765793,3.5905732094106635,2.414208313649619,3.540171280439653,2.003898158935596,0.0,0.0,2.2888515608024393,0.0,0.0,0.0,0.0,2.0943446047662158,2.0001554898008798,0.0,2.0017996787261234,0.0
154,6.735711080518651,2.8451883342354387,3.5905732094106635,3.218944418199492,2.8321370243517223,2.003898158935596,0.0,0.0,2.2888515608024393,0.0,0.0,2.149647404714473,0.0,0.0,2.0001554898008798,0.0,0.0,2.0017996787261216
155,5.919261252576995,0.7112970835588597,2.154343925646398,0.5364907363665821,3.540171280439653,0.0,2.0038981589355975,2.3191204410382538,0.0,0.0,0.0,0.0,0.0,2.0943446047662158,0.0,2.0001554898008824,0.0,2.0017996787261216
156,5.919261252576995,3.5564854177942986,2.154343925646398,2.950699050016201,1.4160685121758612,0.0,2.0038981589355975,2.3191204410382538,0.0,0.0,0.0,2.149647404714473,0.0,0.0,2.0001554898008798,0.0,0.0,2.0017996787261216
157,6.12337370956241,3.5564854177942986,2.872458567528531,1.609472209099746,2.8321370243517223,2.003898158935596,0.0,0.0,2.2888515608024393,0.0,0.0,2.149647404714473,0.0,0.0,2.0001554898008798,0.0,0.0,2.0017996787261216
158,6.735711080518651,3.5564854177942986,2.872458567528531,3.218944418199492,2.124102768263792,2.003898158935596,0.0,0.0,2.2888515608024393,0.0,0.0,0.0,2.1239835806101177,0.0,0.0,2.0001554898008824,2.0017996787261234,0.0
159,6.939823537504064,0.7112970835588597,2.154343925646398,2.950699050016201,1.4160685121758612,0.0,2.0038981589355975,0.0,0.0,0.0,2.3351872657080683,0.0,0.0,2.0943446047662158,0.0,2.0001554898008824,0.0,2.0017996787261216
160,4.0822491397082725,2.1338912506765793,2.154343925646398,2.1459629454663283,3.540171280439653,0.0,2.0038981589355975,2.3191204410382538,0.0,0.0,0.0,0.0,2.1239835806101177,0.0,0.0,2.0001554898008824,2.0017996787261234,0.0
161,5.3069238816207545,1.4225941671177194,3.5905732094106635,2.68245368183291,2.8321370243517223,2.003898158935596,0.0,0.0,0.0,0.0,2.3351872657080683,0.0,2.1239835806101177,0.0,0.0,2.0001554898008824,0.0,2.0017996787261216
162,6.531598623533236,2.8451883342354387,2.872458567528531,1.0729814727331641,0.7080342560879306,2.003898158935596,0.0,0.0,0.0,2.296194606901913,0.0,0.0,0.0,2.0943446047662158,0.0,2.0001554898008824,2.0017996787261234,0.0
163,5.3069238816207545,0.7112970835588597,1.4362292837642654,1.877717577283037,3.540171280439653,0.0,2.0038981589355975,0.0,0.0,2.296194606901913,0.0,0.0,2.1239835806101177,0.0,2.0001554898008798,0.0,0.0,2.0017996787261216
164,3.878136682722859,3.5564854177942986,0.7181146418821327,0.5364907363665821,2.124102768263792,0.0,2.0038981589355975,0.0,0.0,0.0,2.3351872657080683,0.0,2.1239835806101177,0.0,2.0001554898008798,0.0,2.0017996787261234,0.0
165,4.898698967649928,2.8451883342354387,2.154343925646398,0.804736104549873,3.540171280439653,2.003898158935596,0.0,0.0,0.0,2.296194606901913,0.0,2.149647404714473,0.0,0.0,0.0,2.0001554898008824,0.0,2.0017996787261216
166,6.12337370956241,3.5564854177942986,0.7181146418821327,2.68245368183291,1.4160685121758612,0.0,2.0038981589355975,2.3191204410382538,0.0,0.0,0.0,0.0,2.1239835806101177,0.0,0.0,2.0001554898008824,0.0,2.0017996787261216
167,6.735711080518651,2.8451883342354387,2.872458567528531,2.950699050016201,0.7080342560879306,0.0,2.0038981589355975,0.0,2.2888515608024393,0.0,0.0,2.149647404714473,0.0,0.0,0.0,2.0001554898008824,0.0,2.0017996787261216
168,6.12337370956241,2.1338912506765793,1.4362292837642654,0.0,2.8321370243517223,0.0,2.0038981589355975,2.3191204410382538,0.0,0.0,0.0,0.0,2.1239835806101177,0.0,2.0001554898008798,0.0,2.0017996787261234,0.0
169,6.12337370956241,2.1338912506765793,3.5905732094106635,2.68245368183291,2.124102768263792,2.003898158935596,0.0,2.3191204410382538,0.0,0.0,0.0,2.149647404714473,0.0,0.0,0.0,2.0001554898008824,2.0017996787261234,0.0
170,3.878136682722859,2.1338912506765793,2.872458567528531,2.68245368183291,1.4160685121758612,2.003898158935596,0.0,0.0,2.2888515608024393,0.0,0.0,2.149647404714473,0.0,0.0,0.0,2.0001554898008824,2.0017996787261234,0.0
171,4.898698967649928,3.5564854177942986,0.7181146418821327,1.609472209099746,3.540171280439653,2.003898158935596,0.0,0.0,0.0,0.0,2.3351872657080683,0.0,2.1239835806101177,0.0,0.0,2.0001554898008824,2.0017996787261234,0.0
172,3.878136682722859,2.1338912506765793,3.5905732094106635,0.804736104549873,2.124102768263792,2.003898158935596,0.0,2.3191204410382538,0.0,0.0,0.0,2.149647404714473,0.0,0.0,2.0001554898008798,0.0,2.0017996787261234,0.0
173,5.715148795591582,2.1338912506765793,3.5905732094106635,2.68245368183291,2.8321370243517223,0.0,2.0038981589355975,2.3191204410382538,0.0,0.0,0.0,0.0,2.1239835806101177,0.0,0.0,2.0001554898008824,0.0,2.0017996787261216
174,4.286361596693687,0.7112970835588597,2.872458567528531,0.5364907363665821,1.4160685121758612,0.0,2.0038981589355975,0.0,0.0,2.296194606901913,0.0,0.0,2.1239835806101177,0.0,2.0001554898008798,0.0,2.0017996787261234,0.0
175,5.919261252576995,1.4225941671177194,2.154343925646398,0.26824536818329103,1.4160685121758612,0.0,2.0038981589355975,0.0,2.2888515608024393,0.0,0.0,0.0,2.1239835806101177,0.0,2.0001554898008798,0.0,2.0017996787261234,0.0
176,6.531598623533236,2.8451883342354387,2.154343925646398,2.950699050016201,2.8321370243517223,2.003898158935596,0.0,0.0,0.0,2.296194606901913,0.0,2.149647404714473,0.0,0.0,0.0,2.0001554898008824,2.0017996787261234,0.0
177,6.735711080518651,1.4225941671177194,3.5905732094106635,2.414208313649619,2.124102768263792,0.0,2.0038981589355975,0.0,0.0,0.0,2.3351872657080683,0.0,0.0,2.0943446047662158,2.0001554898008798,0.0,0.0,2.0017996787261216
178,5.102811424635341,2.1338912506765793,2.154343925646398,3.218944418199492,2.8321370243517223,2.003898158935596,0.0,2.3191204410382538,0.0,0.0,0.0,0.0,0.0,2.0943446047662158,0.0,2.0001554898008824,0.0,2.0017996787261216
179,5.715148795591582,0.7112970835588597,1.4362292837642654,0.804736104549873,2.8321370243517223,2.003898158935596,0.0,2.3191204410382538,0.0,0.0,0.0,2.149647404714473,0.0,0.0,0.0,2.0001554898008824,0.0,2.0017996787261216
180,5.715148795591582,2.1338912506765793,3.5905732094106635,1.341226840916455,0.7080342560879306,2.003898158935596,0.0,0.0,2.2888515608024393,0.0,0.0,0.0,0.0,2.0943446047662158,0.0,2.0001554898008824,0.0,2.0017996787261216
181,4.0822491397082725,2.8451883342354387,3.5905732094106635,2.950699050016201,2.8321370243517223,2.003898158935596,0.0,2.3191204410382538,0.0,0.0,0.0,0.0,2.1239835806101177,0.0,0.0,2.0001554898008824,2.0017996787261234,0.0
182,5.919261252576995,3.5564854177942986,2.154343925646398,3.218944418199492,3.540171280439653,2.003898158935596,0.0,0.0,2.2888515608024393,0.0,0.0,0.0,2.1239835806101177,0.0,2.0001554898008798,0.0,2.0017996787261234,0.0
183,6.939823537504064,2.1338912506765793,3.5905732094106635,1.0729814727331641,3.540171280439653,0.0,2.0038981589355975,0.0,2.2888515608024393,0.0,0.0,0.0,2.1239835806101177,0.0,0.0,2.0001554898008824,2.0017996787261234,0.0
184,3.878136682722859,2.8451883342354387,2.154343925646398,1.341226840916455,1.4160685121758612,2.003898158935596,0.0,2.3191204410382538,0.0,0.0,0.0,2.149647404714473,0.0,0.0,2.0001554898008798,0.0,0.0,2.0017996787261216
185,4.286361596693687,2.1338912506765793,1.4362292837642654,1.609472209099746,0.7080342560879306,2.003898158935596,0.0,0.0,2.2888515608024393,0.0,0.0,0.0,0.0,2.0943446047662158,0.0,2.0001554898008824,0.0,2.0017996787261216
186,6.12337370956241,2.1338912506765793,2.154343925646398,2.68245368183291,0.7080342560879306,2.003898158935596,0.0,0.0,0.0,0.0,2.3351872657080683,0.0,2.1239835806101177,0.0,0.0,2.0001554898008824,2.0017996787261234,0.0
187,5.715148795591582,1.4225941671177194,2.872458567528531,2.68245368183291,3.540171280439653,2.003898158935596,0.0,2.3191204410382538,0.0,0.0,0.0,2.149647404714473,0.0,0.0,2.0001554898008798,0.0,0.0,2.0017996787261216
188,3.674024225737446,2.1338912506765793,2.154343925646398,1.609472209099746,2.124102768263792,0.0,2.0038981589355975,0.0,2.2888515608024393,0.0,0.0,0.0,2.1239835806101177,0.0,2.0001554898008798,0.0,2.0017996787261234,0.0
189,5.919261252576995,1.4225941671177194,2.872458567528531,0.0,0.7080342560879306,2.003898158935596,0.0,0.0,2.2888515608024393,0.0,0.0,2.149647404714473,0.0,0.0,0.0,2.0001554898008824,2.0017996787261234,0.0
190,6.735711080518651,2.1338912506765793,2.872458567528531,2.414208313649619,0.7080342560879306,0.0,2.0038981589355975,0.0,0.0,0.0,2.3351872657080683,0.0,0.0,2.0943446047662158,0.0,2.0001554898008824,0.0,2.0017996787261216
191,6.327486166547823,3.5564854177942986,1.4362292837642654,2.1459629454663283,3.540171280439653,2.003898158935596,0.0,0.0,0.0,2.296194606901913,0.0,2.149647404714473,0.0,0.0,0.0,2.0001554898008824,0.0,2.0017996787261216
192,4.898698967649928,2.1338912506765793,0.7181146418821327,1.609472209099746,2.8321370243517223,2.003898158935596,0.0,2.3191204410382538,0.0,0.0,0.0,2.149647404714473,0.0,0.0,2.0001554898008798,0.0,0.0,2.0017996787261216
193,4.286361596693687,0.7112970835588597,2.154343925646398,1.877717577283037,2.124102768263792,0.0,2.0038981589355975,2.3191204410382538,0.0,0.0,0.0,0.0,2.1239835806101177,0.0,2.0001554898008798,0.0,0.0,2.0017996787261216
194,4.286361596693687,0.7112970835588597,2.872458567528531,2.1459629454663283,3.540171280439653,2.003898158935596,0.0,0.0,2.2888515608024393,0.0,0.0,2.149647404714473,0.0,0.0,2.0001554898008798,0.0,0.0,2.0017996787261216
195,5.3069238816207545,1.4225941671177194,0.7181146418821327,2.1459629454663283,2.124102768263792,0.0,2.0038981589355975,2.3191204410382538,0.0,0.0,0.0,0.0,2.1239835806101177,0.0,2.0001554898008798,0.0,0.0,2.0017996787261216
196,4.898698967649928,3.5564854177942986,2.872458567528531,0.5364907363665821,2.8321370243517223,2.003898158935596,0.0,0.0,2.2888515608024393,0.0,0.0,0.0,2.1239835806101177,0.0,0.0,2.0001554898008824,2.0017996787261234,0.0
197,3.674024225737446,2.1338912506765793,2.872458567528531,2.1459629454663283,2.8321370243517223,0.0,2.0038981589355975,2.3191204410382538,0.0,0.0,0.0,2.149647404714473,0.0,0.0,0.0,2.0001554898008824,0.0,2.0017996787261216
198,4.6945865106645135,1.4225941671177194,0.7181146418821327,2.68245368183291,2.8321370243517223,2.003898158935596,0.0,0.0,2.2888515608024393,0.0,0.0,0.0,0.0,2.0943446047662158,0.0,2.0001554898008824,0.0,2.0017996787261216
199,4.4904740536791,1.4225941671177194,1.4362292837642654,0.0,0.7080342560879306,2.003898158935596,0.0,0.0,0.0,2.296194606901913,0.0,2.149647404714473,0.0,0.0,0.0,2.0001554898008824,0.0,2.0017996787261216
200,6.327486166547823,1.4225941671177194,2.154343925646398,2.68245368183291,2.124102768263792,0.0,2.0038981589355975,0.0,0.0,2.296194606901913,0.0,0.0,2.1239835806101177,0.0,2.0001554898008798,0.0,2.0017996787261234,0.0
201,3.878136682722859,1.4225941671177194,3.5905732094106635,0.26824536818329103,2.8321370243517223,0.0,2.0038981589355975,0.0,0.0,2.296194606901913,0.0,0.0,2.1239835806101177,0.0,2.0001554898008798,0.0,2.0017996787261234,0.0
202,6.327486166547823,3.5564854177942986,3.5905732094106635,3.218944418199492,1.4160685121758612,0.0,2.0038981589355975,0.0,0.0,2.296194606901913,0.0,2.149647404714473,0.0,0.0,0.0,2.0001554898008824,0.0,2.0017996787261216
203,3.878136682722859,1.4225941671177194,3.5905732094106635,0.26824536818329103,2.124102768263792,2.003898158935596,0.0,0.0,0.0,0.0,2.3351872657080683,0.0,2.1239835806101177,0.0,2.0001554898008798,0.0,0.0,2.0017996787261216
204,5.511036338606169,3.5564854177942986,1.4362292837642654,3.218944418199492,2.124102768263792,0.0,2.0038981589355975,2.3191204410382538,0.0,0.0,0.0,0.0,0.0,2.0943446047662158,0.0,2.0001554898008824,0.0,2.0017996787261216
205,5.3069238816207545,2.8451883342354387,2.154343925646398,1.341226840916455,2.8321370243517223,0.0,2.0038981589355975,0.0,2.2888515608024393,0.0,0.0,2.149647404714473,0.0,0.0,2.0001554898008798,0.0,0.0,2.0017996787261216
206,4.0822491397082725,2.8451883342354387,2.154343925646398,3.218944418199492,2.124102768263792,2.003898158935596,0.0,0.0,2.2888515608024393,0.0,0.0,2.149647404714473,0.0,0.0,0.0,2.0001554898008824,0.0,2.0017996787261216
207,4.6945865106645135,2.1338912506765793,1.4362292837642654,2.1459629454663283,3.540171280439653,0.0,2.0038981589355975,2.3191204410382538,0.0,0.0,0.0,0.0,2.1239835806101177,0.0,2.0001554898008798,0.0,2.0017996787261234,0.0
208,6.327486166547823,2.1338912506765793,3.5905732094106635,2.68245368183291,2.8321370243517223,0.0,2.0038981589355975,0.0,0.0,2.296194606901913,0.0,0.0,2.1239835806101177,0.0,0.0,2.0001554898008824,2.0017996787261234,0.0
209,5.3069238816207545,2.8451883342354387,0.7181146418821327,0.0,0.7080342560879306,2.003898158935596,0.0,2.3191204410382538,0.0,0.0,0.0,0.0,0.0,2.0943446047662158,0.0,2.0001554898008824,2.0017996787261234,0.0
210,6.735711080518651,0.7112970835588597,2.872458567528531,3.218944418199492,3.540171280439653,2.003898158935596,0.0,0.0,0.0,0.0,2.3351872657080683,0.0,0.0,2.0943446047662158,2.0001554898008798,0.0,2.0017996787261234,0.0
211,5.919261252576995,2.1338912506765793,3.5905732094106635,2.414208313649619,0.7080342560879306,2.003898158935596,0.0,2.3191204410382538,0.0,0.0,0.0,2.149647404714473,0.0,0.0,2.0001554898008798,0.0,2.0017996787261234,0.0
212,4.6945865106645135,2.8451883342354387,3.5905732094106635,1.0729814727331641,0.7080342560879306,0.0,2.0038981589355975,2.3191204410382538,0.0,0.0,0.0,0.0,2.1239835806101177,0.0,2.0001554898008798,0.0,2.0017996787261234,0.0
213,3.674024225737446,2.8451883342354387,2.154343925646398,3.218944418199492,3.540171280439653,2.003898158935596,0.0,2.3191204410382538,0.0,0.0,0.0,0.0,0.0,2.0943446047662158,0.0,2.0001554898008824,0.0,2.0017996787261216
214,6.939823537504064,3.5564854177942986,2.154343925646398,2.950699050016201,3.540171280439653,0.0,2.0038981589355975,0.0,0.0,2.296194606901913,0.0,0.0,2.1239835806101177,0.0,0.0,2.0001554898008824,2.0017996787261234,0.0
215,6.327486166547823,1.4225941671177194,2.872458567528531,0.0,0.7080342560879306,0.0,2.0038981589355975,2.3191204410382538,0.0,0.0,0.0,0.0,0.0,2.0943446047662158,2.0001554898008798,0.0,2.0017996787261234,0.0
216,4.4904740536791,1.4225941671177194,2.872458567528531,0.0,1.4160685121758612,0.0,2.0038981589355975,0.0,2.2888515608024393,0.0,0.0,0.0,2.1239835806101177,0.0,0.0,2.0001554898008824,2.0017996787261234,0.0
217,3.674024225737446,3.5564854177942986,3.5905732094106635,0.804736104549873,2.8321370243517223,0.0,2.0038981589355975,2.3191204410382538,0.0,0.0,0.0,0.0,2.1239835806101177,0.0,2.0001554898008798,0.0,2.0017996787261234,0.0
218,4.4904740536791,0.7112970835588597,1.4362292837642654,0.26824536818329103,1.4160685121758612,2.003898158935596,0.0,0.0,2.2888515608024393,0.0,0.0,0.0,0.0,2.0943446047662158,2.0001554898008798,0.0,2.0017996787261234,0.0
219,5.102811424635341,0.7112970835588597,0.7181146418821327,2.414208313649619,1.4160685121758612,0.0,2.0038981589355975,0.0,0.0,0.0,2.3351872657080683,2.149647404714473,0.0,0.0,2.0001554898008798,0.0,2.0017996787261234,0.0
220,4.0822491397082725,1.4225941671177194,2.154343925646398,0.0,2.124102768263792,2.003898158935596,0.0,0.0,2.2888515608024393,0.0,0.0,0.0,0.0,2.0943446047662158,0.0,2.0001554898008824,0.0,2.0017996787261216
221,5.919261252576995,0.7112970835588597,3.5905732094106635,0.5364907363665821,0.7080342560879306,0.0,2.0038981589355975,0.0,0.0,0.0,2.3351872657080683,0.0,0.0,2.0943446047662158,2.0001554898008798,0.0,2.0017996787261234,0.0
222,4.898698967649928,0.7112970835588597,2.154343925646398,0.804736104549873,3.540171280439653,2.003898158935596,0.0,2.3191204410382538,0.0,0.0,0.0,0.0,2.1239835806101177,0.0,2.0001554898008798,0.0,2.0017996787261234,0.0
223,3.878136682722859,0.7112970835588597,1.4362292837642654,1.877717577283037,3.540171280439653,2.003898158935596,0.0,0.0,0.0,0.0,2.3351872657080683,2.149647404714473,0.0,0.0,2.0001554898008798,0.0,2.0017996787261234,0.0
224,4.0822491397082725,0.7112970835588597,3.5905732094106635,2.1459629454663283,3.540171280439653,2.003898158935596,0.0,0.0,0.0,2.296194606901913,0.0,2.149647404714473,0.0,0.0,2.0001554898008798,0.0,2.0017996787261234,0.0
225,3.674024225737446,0.7112970835588597,2.872458567528531,1.341226840916455,2.8321370243517223,0.0,2.0038981589355975,0.0,0.0,2.296194606901913,0.0,0.0,0.0,2.0943446047662158,2.0001554898008798,0.0,0.0,2.0017996787261216
226,3.674024225737446,2.1338912506765793,2.872458567528531,2.414208313649619,2.124102768263792,0.0,2.0038981589355975,0.0,2.2888515608024393,0.0,0.0,0.0,0.0,2.0943446047662158,0.0,2.0001554898008824,0.0,2.0017996787261216
227,4.0822491397082725,3.5564854177942986,2.872458567528531,2.1459629454663283,2.124102768263792,2.003898158935596,0.0,0.0,0.0,0.0,2.3351872657080683,0.0,0.0,2.0943446047662158,2.0001554898008798,0.0,0.0,2.0017996787261216
228,6.735711080518651,3.5564854177942986,2.872458567528531,0.0,3.540171280439653,0.0,2.0038981589355975,2.3191204410382538,0.0,0.0,0.0,0.0,2.1239835806101177,0.0,0.0,2.0001554898008824,2.0017996787261234,0.0
229,6.735711080518651,2.8451883342354387,2.872458567528531,2.1459629454663283,0.7080342560879306,0.0,2.0038981589355975,0.0,0.0,0.0,2.3351872657080683,2.149647404714473,0.0,0.0,2.0001554898008798,0.0,0.0,2.0017996787261216
230,5.919261252576995,3.5564854177942986,3.5905732094106635,1.0729814727331641,0.7080342560879306,0.0,2.0038981589355975,0.0,0.0,0.0,2.3351872657080683,0.0,2.1239835806101177,0.0,0.0,2.0001554898008824,0.0,2.0017996787261216
231,4.6945865106645135,3.5564854177942986,3.5905732094106635,0.5364907363665821,0.7080342560879306,2.003898158935596,0.0,0.0,0.0,2.296194606901913,0.0,0.0,0.0,2.0943446047662158,0.0,2.0001554898008824,0.0,2.0017996787261216
232,5.3069238816207545,3.5564854177942986,2.872458567528531,0.804736104549873,1.4160685121758612,0.0,2.0038981589355975,0.0,2.2888515608024393,0.0,0.0,0.0,0.0,2.0943446047662158,2.0001554898008798,0.0,0.0,2.0017996787261216
233,5.919261252576995,2.1338912506765793,3.5905732094106635,1.0729814727331641,2.124102768263792,2.003898158935596,0.0,0.0,0.0,2.296194606901913,0.0,0.0,2.1239835806101177,0.0,0.0,2.0001554898008824,0.0,2.0017996787261216
234,6.531598623533236,2.1338912506765793,2.872458567528531,1.877717577283037,0.7080342560879306,0.0,2.0038981589355975,0.0,0.0,2.296194606901913,0.0,2.149647404714473,0.0,0.0,0.0,2.0001554898008824,2.0017996787261234,0.0
235,3.674024225737446,3.5564854177942986,1.4362292837642654,2.1459629454663283,1.4160685121758612,0.0,2.0038981589355975,0.0,2.2888515608024393,0.0,0.0,0.0,0.0,2.0943446047662158,0.0,2.0001554898008824,0.0,2.0017996787261216
236,4.286361596693687,0.7112970835588597,1.4362292837642654,0.5364907363665821,1.4160685121758612,2.003898158935596,0.0,2.3191204410382538,0.0,0.0,0.0,0.0,2.1239835806101177,0.0,0.0,2.0001554898008824,2.0017996787261234,0.0
237,6.531598623533236,1.4225941671177194,0.7181146418821327,1.877717577283037,0.7080342560879306,0.0,2.0038981589355975,0.0,0.0,2.296194606901913,0.0,0.0,0.0,2.0943446047662158,0.0,2.0001554898008824,2.0017996787261234,0.0
238,6.735711080518651,3.5564854177942986,0.7181146418821327,2.68245368183291,1.4160685121758612,0.0,2.0038981589355975,0.0,0.0,2.296194606901913,0.0,2.149647404714473,0.0,0.0,2.0001554898008798,0.0,2.0017996787261234,0.0
239,6.531598623533236,0.7112970835588597,2.872458567528531,0.0,1.4160685121758612,2.003898158935596,0.0,0.0,0.0,0.0,2.3351872657080683,0.0,0.0,2.0943446047662158,0.0,2.0001554898008824,2.0017996787261234,0.0
240,5.511036338606169,1.4225941671177194,3.5905732094106635,2.68245368183291,2.124102768263792,0.0,2.0038981589355975,2.3191204410382538,0.0,0.0,0.0,2.149647404714473,0.0,0.0,0.0,2.0001554898008824,2.0017996787261234,0.0
241,5.715148795591582,3.5564854177942986,3.5905732094106635,2.68245368183291,1.4160685121758612,0.0,2.0038981589355975,0.0,0.0,0.0,2.3351872657080683,2.149647404714473,0.0,0.0,0.0,2.0001554898008824,2.0017996787261234,0.0
242,4.0822491397082725,1.4225941671177194,3.5905732094106635,2.1459629454663283,3.540171280439653,0.0,2.0038981589355975,0.0,0.0,0.0,2.3351872657080683,0.0,0.0,2.0943446047662158,0.0,2.0001554898008824,0.0,2.0017996787261216
243,6.327486166547823,0.7112970835588597,2.154343925646398,2.1459629454663283,0.7080342560879306,2.003898158935596,0.0,2.3191204410382538,0.0,0.0,0.0,0.0,2.1239835806101177,0.0,2.0001554898008798,0.0,0.0,2.0017996787261216
244,6.327486166547823,0.7112970835588597,1.4362292837642654,2.414208313649619,2.8321370243517223,2.003898158935596,0.0,0.0,2.2888515608024393,0.0,0.0,0.0,2.1239835806101177,0.0,0.0,2.0001554898008824,2.0017996787261234,0.0
245,4.4904740536791,0.7112970835588597,2.154343925646398,1.609472209099746,2.8321370243517223,0.0,2.0038981589355975,0.0,2.2888515608024393,0.0,0.0,0.0,0.0,2.0943446047662158,2.0001554898008798,0.0,2.0017996787261234,0.0
246,5.102811424635341,3.5564854177942986,3.5905732094106635,2.414208313649619,2.8321370243517223,2.003898158935596,0.0,0.0,2.2888515608024393,0.0,0.0,0.0,0.0,2.0943446047662158,2.0001554898008798,0.0,2.0017996787261234,0.0
247,3.674024225737446,1.4225941671177194,3.5905732094106635,2.1459629454663283,1.4160685121758612,2.003898158935596,0.0,0.0,2.2888515608024393,0.0,0.0,0.0,2.1239835806101177,0.0,2.0001554898008798,0.0,2.0017996787261234,0.0
248,5.919261252576995,2.1338912506765793,2.872458567528531,1.609472209099746,3.540171280439653,2.003898158935596,0.0,0.0,0.0,0.0,2.3351872657080683,0.0,2.1239835806101177,0.0,0.0,2.0001554898008824,2.0017996787261234,0.0
249,5.919261252576995,3.5564854177942986,3.5905732094106635,2.950699050016201,3.540171280439653,0.0,2.0038981589355975,0.0,0.0,2.296194606901913,0.0,0.0,0.0,2.0943446047662158,2.0001554898008798,0.0,0.0,2.0017996787261216
250,3.674024225737446,3.5564854177942986,3.5905732094106635,1.877717577283037,0.7080342560879306,0.0,2.0038981589355975,0.0,0.0,0.0,2.3351872657080683,2.149647404714473,0.0,0.0,2.0001554898008798,0.0,0.0,2.0017996787261216
251,3.878136682722859,0.7112970835588597,3.5905732094106635,0.5364907363665821,0.7080342560879306,2.003898158935596,0.0,0.0,0.0,0.0,2.3351872657080683,0.0,2.1239835806101177,0.0,2.0001554898008798,0.0,0.0,2.0017996787261216
252,6.327486166547823,0.7112970835588597,3.5905732094106635,1.0729814727331641,1.4160685121758612,2.003898158935596,0.0,0.0,0.0,0.0,2.3351872657080683,2.149647404714473,0.0,0.0,0.0,2.0001554898008824,0.0,2.0017996787261216
253,6.939823537504064,2.1338912506765793,0.7181146418821327,1.877717577283037,2.124102768263792,0.0,2.0038981589355975,0.0,2.2888515608024393,0.0,0.0,0.0,2.1239835806101177,0.0,2.0001554898008798,0.0,2.0017996787261234,0.0
254,4.0822491397082725,2.1338912506765793,1.4362292837642654,1.341226840916455,2.8321370243517223,2.003898158935596,0.0,0.0,2.2888515608024393,0.0,0.0,0.0,2.1239835806101177,0.0,0.0,2.0001554898008824,0.0,2.0017996787261216
255,4.898698967649928,3.5564854177942986,0.7181146418821327,2.1459629454663283,3.540171280439653,2.003898158935596,0.0,0.0,2.2888515608024393,0.0,0.0,2.149647404714473,0.0,0.0,2.0001554898008798,0.0,2.0017996787261234,0.0
256,4.6945865106645135,2.1338912506765793,0.7181146418821327,2.1459629454663283,1.4160685121758612,0.0,2.0038981589355975,0.0,0.0,2.296194606901913,0.0,2.149647404714473,0.0,0.0,2.0001554898008798,0.0,2.0017996787261234,0.0
257,6.327486166547823,3.5564854177942986,2.872458567528531,1.609472209099746,1.4160685121758612,2.003898158935596,0.0,0.0,0.0,0.0,2.3351872657080683,2.149647404714473,0.0,0.0,2.0001554898008798,0.0,2.0017996787261234,0.0
258,5.102811424635341,2.1338912506765793,2.872458567528531,1.0729814727331641,1.4160685121758612,2.003898158935596,0.0,2.3191204410382538,0.0,0.0,0.0,2.149647404714473,0.0,0.0,2.0001554898008798,0.0,2.0017996787261234,0.0
259,3.878136682722859,2.8451883342354387,1.4362292837642654,2.950699050016201,0.7080342560879306,0.0,2.0038981589355975,2.3191204410382538,0.0,0.0,0.0,0.0,2.1239835806101177,0.0,2.0001554898008798,0.0,0.0,2.0017996787261216
260,6.735711080518651,1.4225941671177194,2.872458567528531,3.218944418199492,2.8321370243517223,0.0,2.0038981589355975,0.0,0.0,2.296194606901913,0.0,0.0,0.0,2.0943446047662158,0.0,2.0001554898008824,0.0,2.0017996787261216
261,4.286361596693687,2.1338912506765793,3.5905732094106635,1.341226840916455,1.4160685121758612,0.0,2.0038981589355975,2.3191204410382538,0.0,0.0,0.0,2.149647404714473,0.0,0.0,2.0001554898008798,0.0,2.0017996787261234,0.0
262,4.898698967649928,2.8451883342354387,2.872458567528531,0.0,2.8321370243517223,2.003898158935596,0.0,0.0,2.2888515608024393,0.0,0.0,0.0,2.1239835806101177,0.0,2.0001554898008798,0.0,0.0,2.0017996787261216
263,4.6945865106645135,3.5564854177942986,0.7181146418821327,3.218944418199492,2.124102768263792,2.003898158935596,0.0,2.3191204410382538,0.0,0.0,0.0,2.149647404714473,0.0,0.0,2.0001554898008798,0.0,2.0017996787261234,0.0
264,5.919261252576995,2.8451883342354387,2.872458567528531,1.609472209099746,1.4160685121758612,0.0,2.0038981589355975,0.0,2.2888515608024393,0.0,0.0,0.0,0.0,2.0943446047662158,0.0,2.0001554898008824,2.0017996787261234,0.0
265,4.286361596693687,0.7112970835588597,3.5905732094106635,0.26824536818329103,0.7080342560879306,0.0,2.0038981589355975,2.3191204410382538,0.0,0.0,0.0,0.0,0.0,2.0943446047662158,0.0,2.0001554898008824,2.0017996787261234,0.0
266,6.531598623533236,3.5564854177942986,1.4362292837642654,3.218944418199492,2.124102768263792,0.0,2.0038981589355975,2.3191204410382538,0.0,0.0,0.0,0.0,2.1239835806101177,0.0,0.0,2.0001554898008824,2.0017996787261234,0.0
267,6.12337370956241,2.1338912506765793,0.7181146418821327,2.68245368183291,0.7080342560879306,0.0,2.0038981589355975,0.0,2.2888515608024393,0.0,0.0,0.0,2.1239835806101177,0.0,2.0001554898008798,0.0,2.0017996787261234,0.0
268,4.0822491397082725,2.1338912506765793,2.872458567528531,3.218944418199492,2.124102768263792,2.003898158935596,0.0,0.0,0.0,2.296194606901913,0.0,0.0,2.1239835806101177,0.0,2.0001554898008798,0.0,0.0,2.0017996787261216
269,3.878136682722859,2.8451883342354387,0.7181146418821327,0.5364907363665821,1.4160685121758612,0.0,2.0038981589355975,0.0,0.0,0.0,2.3351872657080683,0.0,2.1239835806101177,0.0,0.0,2.0001554898008824,2.0017996787261234,0.0
270,4.0822491397082725,2.1338912506765793,0.7181146418821327,1.0729814727331641,2.8321370243517223,0.0,2.0038981589355975,0.0,2.2888515608024393,0.0,0.0,0.0,2.1239835806101177,0.0,0.0,2.0001554898008824,0.0,2.0017996787261216
271,4.286361596693687,3.5564854177942986,2.154343925646398,1.609472209099746,2.8321370243517223,0.0,2.0038981589355975,0.0,2.2888515608024393,0.0,0.0,0.0,0.0,2.0943446047662158,2.0001554898008798,0.0,0.0,2.0017996787261216
272,4.898698967649928,2.1338912506765793,3.5905732094106635,1.609472209099746,0.7080342560879306,0.0,2.0038981589355975,0.0,0.0,2.296194606901913,0.0,2.149647404714473,0.0,0.0,2.0001554898008798,0.0,0.0,2.0017996787261216
273,6.735711080518651,2.8451883342354387,2.154343925646398,1.609472209099746,2.124102768263792,0.0,2.0038981589355975,0.0,2.2888515608024393,0.0,0.0,0.0,0.0,2.0943446047662158,0.0,2.0001554898008824,2.0017996787261234,0.0
274,5.919261252576995,0.7112970835588597,2.154343925646398,0.26824536818329103,1.4160685121758612,0.0,2.0038981589355975,0.0,0.0,0.0,2.3351872657080683,0.0,0.0,2.0943446047662158,2.0001554898008798,0.0,0.0,2.0017996787261216
275,4.0822491397082725,2.1338912506765793,1.4362292837642654,0.5364907363665821,0.7080342560879306,2.003898158935596,0.0,0.0,2.2888515608024393,0.0,0.0,0.0,2.1239835806101177,0.0,0.0,2.0001554898008824,0.0,2.0017996787261216
276,5.102811424635341,2.8451883342354387,2.872458567528531,0.26824536818329103,0.7080342560879306,2.003898158935596,0.0,0.0,0.0,2.296194606901913,0.0,0.0,2.1239835806101177,0.0,2.0001554898008798,0.0,2.0017996787261234,0.0
277,5.919261252576995,2.1338912506765793,2.154343925646398,1.609472209099746,0.7080342560879306,0.0,2.0038981589355975,0.0,2.2888515608024393,0.0,0.0,0.0,2.1239835806101177,0.0,2.0001554898008798,0.0,0.0,2.0017996787261216
278,6.939823537504064,0.7112970835588597,2.872458567528531,3.218944418199492,2.124102768263792,0.0,2.0038981589355975,0.0,2.2888515608024393,0.0,0.0,2.149647404714473,0.0,0.0,0.0,2.0001554898008824,2.0017996787261234,0.0
279,4.898698967649928,0.7112970835588597,2.154343925646398,0.804736104549873,1.4160685121758612,0.0,2.0038981589355975,2.3191204410382538,0.0,0.0,0.0,0.0,2.1239835806101177,0.0,0.0,2.0001554898008824,0.0,2.0017996787261216
280,6.939823537504064,2.1338912506765793,2.872458567528531,1.609472209099746,2.124102768263792,2.003898158935596,0.0,0.0,0.0,0.0,2.3351872657080683,2.149647404714473,0.0,0.0,0.0,2.0001554898008824,2.0017996787261234,0.0
281,6.735711080518651,2.8451883342354387,0.7181146418821327,3.218944418199492,0.7080342560879306,2.003898158935596,0.0,2.3191204410382538,0.0,0.0,0.0,2.149647404714473,0.0,0.0,0.0,2.0001554898008824,2.0017996787261234,0.0
282,4.4904740536791,1.4225941671177194,3.5905732094106635,2.68245368183291,3.540171280439653,0.0,2.0038981589355975,0.0,0.0,2.296194606901913,0.0,0.0,2.1239835806101177,0.0,2.0001554898008798,0.0,2.0017996787261234,0.0
283,6.735711080518651,0.7112970835588597,2.872458567528531,2.68245368183291,2.124102768263792,2.003898158935596,0.0,0.0,0.0,0.0,2.3351872657080683,0.0,2.1239835806101177,0.0,2.0001554898008798,0.0,2.0017996787261234,0.0
284,5.511036338606169,3.5564854177942986,3.5905732094106635,2.414208313649619,1.4160685121758612,2.003898158935596,0.0,0.0,0.0,2.296194606901913,0.0,0.0,0.0,2.0943446047662158,2.0001554898008798,0.0,2.0017996787261234,0.0
285,4.286361596693687,0.7112970835588597,3.5905732094106635,2.68245368183291,1.4160685121758612,0.0,2.0038981589355975,2.3191204410382538,0.0,0.0,0.0,2.149647404714473,0.0,0.0,0.0,2.0001554898008824,0.0,2.0017996787261216
286,5.919261252576995,1.4225941671177194,3.5905732094106635,2.950699050016201,0.7080342560879306,0.0,2.0038981589355975,0.0,2.2888515608024393,0.0,0.0,2.149647404714473,0.0,0.0,2.0001554898008798,0.0,2.0017996787261234,0.0
287,4.898698967649928,0.7112970835588597,2.872458567528531,2.414208313649619,3.540171280439653,0.0,2.0038981589355975,0.0,0.0,2.296194606901913,0.0,0.0,0.0,2.0943446047662158,2.0001554898008798,0.0,2.0017996787261234,0.0
288,4.286361596693687,3.5564854177942986,0.7181146418821327,0.804736104549873,3.540171280439653,0.0,2.0038981589355975,0.0,0.0,0.0,2.3351872657080683,0.0,0.0,2.0943446047662158,0.0,2.0001554898008824,0.0,2.0017996787261216
289,6.939823537504064,1.4225941671177194,3.5905732094106635,2.1459629454663283,2.124102768263792,2.003898158935596,0.0,0.0,2.2888515608024393,0.0,0.0,2.149647404714473,0.0,0.0,0.0,2.0001554898008824,0.0,2.0017996787261216
290,5.919261252576995,0.7112970835588597,0.7181146418821327,1.609472209099746,0.7080342560879306,0.0,2.0038981589355975,0.0,2.2888515608024393,0.0,0.0,2.149647404714473,0.0,0.0,2.0001554898008798,0.0,0.0,2.0017996787261216
291,5.511036338606169,1.4225941671177194,2.154343925646398,1.877717577283037,1.4160685121758612,0.0,2.0038981589355975,2.3191204410382538,0.0,0.0,0.0,0.0,0.0,2.0943446047662158,2.0001554898008798,0.0,0.0,2.0017996787261216
292,4.898698967649928,2.1338912506765793,1.4362292837642654,1.341226840916455,0.7080342560879306,0.0,2.0038981589355975,0.0,0.0,2.296194606901913,0.0,0.0,0.0,2.0943446047662158,0.0,2.0001554898008824,0.0,2.0017996787261216
293,4.286361596693687,0.7112970835588597,0.7181146418821327,2.950699050016201,2.124102768263792,2.003898158935596,0.0,0.0,2.2888515608024393,0.0,0.0,0.0,2.1239835806101177,0.0,2.0001554898008798,0.0,2.0017996787261234,0.0
294,5.511036338606169,0.7112970835588597,3.5905732094106635,1.341226840916455,1.4160685121758612,0.0,2.0038981589355975,0.0,0.0,2.296194606901913,0.0,2.149647404714473,0.0,0.0,2.0001554898008798,0.0,0.0,2.0017996787261216
295,4.6945865106645135,2.8451883342354387,0.7181146418821327,2.1459629454663283,1.4160685121758612,0.0,2.0038981589355975,2.3191204410382538,0.0,0.0,0.0,0.0,2.1239835806101177,0.0,2.0001554898008798,0.0,2.0017996787261234,0.0
296,4.898698967649928,0.7112970835588597,3.5905732094106635,2.68245368183291,3.540171280439653,2.003898158935596,0.0,0.0,2.2888515608024393,0.0,0.0,0.0,0.0,2.0943446047662158,0.0,2.0001554898008824,0.0,2.0017996787261216
297,5.511036338606169,3.5564854177942986,1.4362292837642654,1.877717577283037,1.4160685121758612,2.003898158935596,0.0,2.3191204410382538,0.0,0.0,0.0,0.0,0.0,2.0943446047662158,0.0,2.0001554898008824,2.0017996787261234,0.0
298,4.4904740536791,2.1338912506765793,2.872458567528531,1.341226840916455,2.8321370243517223,0.0,2.0038981589355975,0.0,0.0,2.296194606901913,0.0,2.149647404714473,0.0,0.0,0.0,2.0001554898008824,2.0017996787261234,0.0
299,3.674024225737446,0.7112970835588597,3.5905732094106635,2.950699050016201,3.540171280439653,2.003898158935596,0.0,0.0,0.0,2.296194606901913,0.0,0.0,0.0,2.0943446047662158,2.0001554898008798,0.0,0.0,2.0017996787261216
300,3.878136682722859,2.8451883342354387,3.5905732094106635,1.0729814727331641,2.8321370243517223,2.003898158935596,0.0,0.0,2.2888515608024393,0.0,0.0,0.0,2.1239835806101177,0.0,0.0,2.0001554898008824,0.0,2.0017996787261216
301,6.531598623533236,3.5564854177942986,0.7181146418821327,0.804736104549873,0.7080342560879306,0.0,2.0038981589355975,0.0,0.0,2.296194606901913,0.0,0.0,2.1239835806101177,0.0,0.0,2.0001554898008824,0.0,2.0017996787261216
302,6.327486166547823,3.5564854177942986,0.7181146418821327,0.5364907363665821,3.540171280439653,2.003898158935596,0.0,0.0,2.2888515608024393,0.0,0.0,2.149647404714473,0.0,0.0,0.0,2.0001554898008824,0.0,2.0017996787261216
303,4.898698967649928,2.8451883342354387,0.7181146418821327,1.341226840916455,2.124102768263792,0.0,2.0038981589355975,0.0,2.2888515608024393,0.0,0.0,0.0,2.1239835806101177,0.0,2.0001554898008798,0.0,0.0,2.0017996787261216
304,4.6945865106645135,0.7112970835588597,0.7181146418821327,1.877717577283037,1.4160685121758612,0.0,2.0038981589355975,0.0,2.2888515608024393,0.0,0.0,0.0,0.0,2.0943446047662158,0.0,2.0001554898008824,2.0017996787261234,0.0
305,5.715148795591582,3.5564854177942986,0.7181146418821327,3.218944418199492,2.124102768263792,0.0,2.0038981589355975,0.0,0.0,2.296194606901913,0.0,0.0,0.0,2.0943446047662158,2.0001554898008798,0.0,2.0017996787261234,0.0
306,5.715148795591582,2.1338912506765793,0.7181146418821327,1.341226840916455,2.124102768263792,2.003898158935596,0.0,0.0,0.0,0.0,2.3351872657080683,2.149647404714473,0.0,0.0,0.0,2.0001554898008824,0.0,2.0017996787261216
307,4.6945865106645135,2.8451883342354387,2.872458567528531,0.26824536818329103,2.8321370243517223,2.003898158935596,0.0,0.0,0.0,0.0,2.3351872657080683,0.0,0.0,2.0943446047662158,0.0,2.0001554898008824,2.0017996787261234,0.0
308,5.919261252576995,3.5564854177942986,1.4362292837642654,0.26824536818329103,2.8321370243517223,0.0,2.0038981589355975,0.0,0.0,0.0,2.3351872657080683,0.0,0.0,2.0943446047662158,2.0001554898008798,0.0,0.0,2.0017996787261216
309,4.6945865106645135,0.7112970835588597,0.7181146418821327,2.1459629454663283,2.8321370243517223,2.003898158935596,0.0,2.3191204410382538,0.0,0.0,0.0,2.149647404714473,0.0,0.0,2.0001554898008798,0.0,0.0,2.0017996787261216
310,5.511036338606169,1.4225941671177194,2.872458567528531,0.804736104549873,2.124102768263792,0.0,2.0038981589355975,0.0,0.0,0.0,2.3351872657080683,0.0,0.0,2.0943446047662158,2.0001554898008798,0.0,2.0017996787261234,0.0
311,5.919261252576995,2.8451883342354387,3.5905732094106635,1.609472209099746,1.4160685121758612,0.0,2.0038981589355975,0.0,0.0,0.0,2.3351872657080683,0.0,2.1239835806101177,0.0,2.0001554898008798,0.0,2.0017996787261234,0.0
312,6.327486166547823,3.5564854177942986,2.872458567528531,3.218944418199492,2.124102768263792,0.0,2.0038981589355975,2.3191204410382538,0.0,0.0,0.0,2.149647404714473,0.0,0.0,2.0001554898008798,0.0,2.0017996787261234,0.0
313,5.919261252576995,0.7112970835588597,1.4362292837642654,1.0729814727331641,3.540171280439653,2.003898158935596,0.0,0.0,0.0,2.296194606901913,0.0,0.0,0.0,2.0943446047662158,0.0,2.0001554898008824,2.0017996787261234,0.0
314,3.674024225737446,2.1338912506765793,0.7181146418821327,0.804736104549873,0.7080342560879306,2.003898158935596,0.0,0.0,0.0,0.0,2.3351872657080683,0.0,2.1239835806101177,0.0,2.0001554898008798,0.0,0.0,2.0017996787261216
315,5.511036338606169,1.4225941671177194,1.4362292837642654,0.804736104549873,2.8321370243517223,2.003898158935596,0.0,0.0,0.0,2.296194606901913,0.0,2.149647404714473,0.0,0.0,2.0001554898008798,0.0,2.0017996787261234,0.0
316,5.715148795591582,0.7112970835588597,2.154343925646398,0.0,1.4160685121758612,2.003898158935596,0.0,0.0,0.0,2.296194606901913,0.0,0.0,2.1239835806101177,0.0,0.0,2.0001554898008824,0.0,2.0017996787261216
317,6.939823537504064,2.1338912506765793,1.4362292837642654,1.0729814727331641,2.124102768263792,0.0,2.0038981589355975,2.3191204410382538,0.0,0.0,0.0,0.0,2.1239835806101177,0.0,2.0001554898008798,0.0,0.0,2.0017996787261216
318,3.878136682722859,0.7112970835588597,0.7181146418821327,2.68245368183291,2.124102768263792,2.003898158935596,0.0,2.3191204410382538,0.0,0.0,0.0,2.149647404714473,0.0,0.0,0.0,2.0001554898008824,2.0017996787261234,0.0
319,5.3069238816207545,2.8451883342354387,2.872458567528531,2.414208313649619,0.7080342560879306,0.0,2.0038981589355975,2.3191204410382538,0.0,0.0,0.0,0.0,0.0,2.0943446047662158,2.0001554898008798,0.0,0.0,2.0017996787261216
320,5.511036338606169,2.8451883342354387,1.4362292837642654,0.26824536818329103,2.8321370243517223,2.003898158935596,0.0,2.3191204410382538,0.0,0.0,0.0,2.149647404714473,0.0,0.0,2.0001554898008798,0.0,2.0017996787261234,0.0
321,5.715148795591582,2.8451883342354387,3.5905732094106635,1.877717577283037,0.7080342560879306,0.0,2.0038981589355975,2.3191204410382538,0.0,0.0,0.0,2.149647404714473,0.0,0.0,0.0,2.0001554898008824,0.0,2.0017996787261216
322,6.939823537504064,0.7112970835588597,2.872458567528531,1.341226840916455,0.7080342560879306,2.003898158935596,0.0,0.0,2.2888515608024393,0.0,0.0,0.0,2.1239835806101177,0.0,2.0001554898008798,0.0,0.0,2.0017996787261216
323,6.327486166547823,2.1338912506765793,2.872458567528531,0.804736104549873,1.4160685121758612,2.003898158935596,0.0,0.0,2.2888515608024393,0.0,0.0,0.0,2.1239835806101177,0.0,2.0001554898008798,0.0,2.0017996787261234,0.0
324,6.939823537504064,2.1338912506765793,2.872458567528531,2.1459629454663283,2.124102768263792,0.0,2.0038981589355975,0.0,2.2888515608024393,0.0,0.0,2.149647404714473,0.0,0.0,2.0001554898008798,0.0,2.0017996787261234,0.0
325,4.898698967649928,2.8451883342354387,3.5905732094106635,1.0729814727331641,3.540171280439653,2.003898158935596,0.0,0.0,2.2888515608024393,0.0,0.0,0.0,0.0,2.0943446047662158,0.0,2.0001554898008824,0.0,2.0017996787261216
326,6.327486166547823,0.7112970835588597,1.4362292837642654,2.1459629454663283,2.124102768263792,0.0,2.0038981589355975,0.0,2.2888515608024393,0.0,0.0,0.0,0.0,2.0943446047662158,2.0001554898008798,0.0,2.0017996787261234,0.0
327,6.939823537504064,2.1338912506765793,0.7181146418821327,1.341226840916455,2.8321370243517223,2.003898158935596,0.0,0.0,0.0,0.0,2.3351872657080683,2.149647404714473,0.0,0.0,0.0,2.0001554898008824,2.0017996787261234,0.0
328,5.3069238816207545,3.5564854177942986,0.7181146418821327,2.68245368183291,3.540171280439653,0.0,2.0038981589355975,0.0,0.0,2.296194606901913,0.0,0.0,0.0,2.0943446047662158,0.0,2.0001554898008824,2.0017996787261234,0.0
329,5.715148795591582,0.7112970835588597,2.154343925646398,2.68245368183291,3.540171280439653,0.0,2.0038981589355975,0.0,2.2888515608024393,0.0,0.0,0.0,2.1239835806101177,0.0,0.0,2.0001554898008824,2.0017996787261234,0.0
330,4.4904740536791,3.5564854177942986,1.4362292837642654,1.341226840916455,0.7080342560879306,2.003898158935596,0.0,0.0,2.2888515608024393,0.0,0.0,0.0,2.1239835806101177,0.0,0.0,2.0001554898008824,0.0,2.0017996787261216
331,6.12337370956241,1.4225941671177194,2.154343925646398,0.5364907363665821,2.124102768263792,2.003898158935596,0.0,0.0,2.2888515608024393,0.0,0.0,0.0,0.0,2.0943446047662158,0.0,2.0001554898008824,2.0017996787261234,0.0
332,4.4904740536791,0.7112970835588597,2.872458567528531,1.877717577283037,3.540171280439653,2.003898158935596,0.0,0.0,0.0,2.296194606901913,0.0,0.0,0.0,2.0943446047662158,2.0001554898008798,0.0,0.0,2.0017996787261216
333,6.531598623533236,3.5564854177942986,3.5905732094106635,2.68245368183291,1.4160685121758612,0.0,2.0038981589355975,0.0,0.0,0.0,2.3351872657080683,2.149647404714473,0.0,0.0,0.0,2.0001554898008824,2.0017996787261234,0.0
334,6.531598623533236,3.5564854177942986,0.7181146418821327,1.877717577283037,0.7080342560879306,2.003898158935596,0.0,2.3191204410382538,0.0,0.0,0.0,2.149647404714473,0.0,0.0,0.0,2.0001554898008824,0.0,2.0017996787261216
335,6.531598623533236,1.4225941671177194,2.872458567528531,2.68245368183291,0.7080342560879306,2.003898158935596,0.0,2.3191204410382538,0.0,0.0,0.0,0.0,2.1239835806101177,0.0,2.0001554898008798,0.0,0.0,2.0017996787261216
336,3.878136682722859,3.5564854177942986,2.154343925646398,1.341226840916455,1.4160685121758612,0.0,2.0038981589355975,0.0,2.2888515608024393,0.0,0.0,2.149647404714473,0.0,0.0,0.0,2.0001554898008824,0.0,2.0017996787261216
337,6.939823537504064,2.8451883342354387,2.154343925646398,1.877717577283037,0.7080342560879306,0.0,2.0038981589355975,0.0,0.0,0.0,2.3351872657080683,0.0,0.0,2.0943446047662158,2.0001554898008798,0.0,2.0017996787261234,0.0
338,5.715148795591582,3.5564854177942986,0.7181146418821327,2.1459629454663283,2.124102768263792,2.003898158935596,0.0,0.0,0.0,0.0,2.3351872657080683,0.0,2.1239835806101177,0.0,2.0001554898008798,0.0,0.0,2.0017996787261216
339,5.102811424635341,0.7112970835588597,0.7181146418821327,3.218944418199492,2.124102768263792,0.0,2.0038981589355975,2.3191204410382538,0.0,0.0,0.0,0.0,2.1239835806101177,0.0,0.0,2.0001554898008824,0.0,2.0017996787261216
340,6.735711080518651,2.1338912506765793,2.154343925646398,3.218944418199492,0.7080342560879306,0.0,2.0038981589355975,0.0,0.0,2.296194606901913,0.0,2.149647404714473,0.0,0.0,2.0001554898008798,0.0,0.0,2.0017996787261216
341,6.12337370956241,0.7112970835588597,2.872458567528531,2.68245368183291,0.7080342560879306,0.0,2.0038981589355975,0.0,0.0,2.296194606901913,0.0,2.149647404714473,0.0,0.0,2.0001554898008798,0.0,0.0,2.0017996787261216
342,5.919261252576995,3.5564854177942986,2.872458567528531,1.341226840916455,3.540171280439653,0.0,2.0038981589355975,0.0,2.2888515608024393,0.0,0.0,0.0,0.0,2.0943446047662158,0.0,2.0001554898008824,2.0017996787261234,0.0
343,6.531598623533236,2.1338912506765793,1.4362292837642654,2.1459629454663283,1.4160685121758612,0.0,2.0038981589355975,0.0,2.2888515608024393,0.0,0.0,0.0,2.1239835806101177,0.0,0.0,2.0001554898008824,0.0,2.0017996787261216
344,4.0822491397082725,2.1338912506765793,1.4362292837642654,2.68245368183291,3.540171280439653,2.003898158935596,0.0,2.3191204410382538,0.0,0.0,0.0,0.0,0.0,2.0943446047662158,0.0,2.0001554898008824,2.0017996787261234,0.0
345,4.286361596693687,3.5564854177942986,0.7181146418821327,2.950699050016201,3.540171280439653,2.003898158935596,0.0,0.0,0.0,0.0,2.3351872657080683,0.0,0.0,2.0943446047662158,2.0001554898008798,0.0,2.0017996787261234,0.0
346,6.939823537504064,2.8451883342354387,0.7181146418821327,2.950699050016201,3.540171280439653,0.0,2.0038981589355975,0.0,2.2888515608024393,0.0,0.0,0.0,0.0,2.0943446047662158,0.0,2.0001554898008824,2.0017996787261234,0.0
347,5.919261252576995,1.4225941671177194,1.4362292837642654,3.218944418199492,0.7080342560879306,2.003898158935596,0.0,0.0,0.0,2.296194606901913,0.0,0.0,2.1239835806101177,0.0,0.0,2.0001554898008824,2.0017996787261234,0.0
348,4.286361596693687,0.7112970835588597,2.154343925646398,2.950699050016201,0.7080342560879306,2.003898158935596,0.0,2.3191204410382538,0.0,0.0,0.0,0.0,0.0,2.0943446047662158,2.0001554898008798,0.0,2.0017996787261234,0.0
349,3.878136682722859,0.7112970835588597,3.5905732094106635,0.804736104549873,2.124102768263792,2.003898158935596,0.0,0.0,0.0,2.296194606901913,0.0,0.0,2.1239835806101177,0.0,2.0001554898008798,0.0,0.0,2.0017996787261216
350,4.898698967649928,2.8451883342354387,2.872458567528531,2.950699050016201,1.4160685121758612,2.003898158935596,0.0,0.0,0.0,2.296194606901913,0.0,2.149647404714473,0.0,0.0,0.0,2.0001554898008824,2.0017996787261234,0.0
351,6.327486166547823,0.7112970835588597,2.154343925646398,1.0729814727331641,2.124102768263792,0.0,2.0038981589355975,0.0,0.0,2.296194606901913,0.0,2.149647404714473,0.0,0.0,0.0,2.0001554898008824,2.0017996787261234,0.0
352,4.6945865106645135,1.4225941671177194,3.5905732094106635,2.1459629454663283,3.540171280439653,0.0,2.0038981589355975,0.0,0.0,2.296194606901913,0.0,0.0,0.0,2.0943446047662158,2.0001554898008798,0.0,2.0017996787261234,0.0
353,6.12337370956241,2.1338912506765793,2.872458567528531,1.0729814727331641,2.124102768263792,2.003898158935596,0.0,2.3191204410382538,0.0,0.0,0.0,2.149647404714473,0.0,0.0,0.0,2.0001554898008824,0.0,2.0017996787261216
354,5.102811424635341,3.5564854177942986,2.872458567528531,1.877717577283037,0.7080342560879306,2.003898158935596,0.0,0.0,0.0,2.296194606901913,0.0,2.149647404714473,0.0,0.0,2.0001554898008798,0.0,2.0017996787261234,0.0
355,4.286361596693687,1.4225941671177194,2.154343925646398,1.609472209099746,3.540171280439653,0.0,2.0038981589355975,2.3191204410382538,0.0,0.0,0.0,0.0,0.0,2.0943446047662158,0.0,2.0001554898008824,0.0,2.0017996787261216
356,4.286361596693687,0.7112970835588597,3.5905732094106635,0.5364907363665821,1.4160685121758612,0.0,2.0038981589355975,0.0,0.0,0.0,2.3351872657080683,0.0,0.0,2.0943446047662158,2.0001554898008798,0.0,0.0,2.0017996787261216
357,3.674024225737446,2.8451883342354387,2.872458567528531,2.68245368183291,1.4160685121758612,2.003898158935596,0.0,2.3191204410382538,0.0,0.0,0.0,0.0,0.0,2.0943446047662158,2.0001554898008798,0.0,2.0017996787261234,0.0
358,5.919261252576995,3.5564854177942986,1.4362292837642654,2.1459629454663283,2.8321370243517223,2.003898158935596,0.0,2.3191204410382538,0.0,0.0,0.0,0.0,2.1239835806101177,0.0,0.0,2.0001554898008824,2.0017996787261234,0.0
359,4.898698967649928,1.4225941671177194,0.7181146418821327,2.1459629454663283,3.540171280439653,0.0,2.0038981589355975,0.0,0.0,2.296194606901913,0.0,0.0,0.0,2.0943446047662158,0.0,2.0001554898008824,2.0017996787261234,0.0
360,4.0822491397082725,1.4225941671177194,2.154343925646398,0.0,2.124102768263792,0.0,2.0038981589355975,0.0,0.0,0.0,2.3351872657080683,0.0,0.0,2.0943446047662158,2.0001554898008798,0.0,0.0,2.0017996787261216
361,4.898698967649928,2.8451883342354387,1.4362292837642654,3.218944418199492,1.4160685121758612,0.0,2.0038981589355975,2.3191204410382538,0.0,0.0,0.0,0.0,0.0,2.0943446047662158,2.0001554898008798,0.0,2.0017996787261234,0.0
362,5.715148795591582,1.4225941671177194,1.4362292837642654,0.26824536818329103,0.7080342560879306,0.0,2.0038981589355975,0.0,0.0,0.0,2.3351872657080683,0.0,0.0,2.0943446047662158,0.0,2.0001554898008824,2.0017996787261234,0.0
363,4.898698967649928,1.4225941671177194,2.872458567528531,3.218944418199492,2.8321370243517223,0.0,2.0038981589355975,2.3191204410382538,0.0,0.0,0.0,2.149647404714473,0.0,0.0,2.0001554898008798,0.0,0.0,2.0017996787261216
364,6.939823537504064,0.7112970835588597,1.4362292837642654,1.877717577283037,2.8321370243517223,0.0,2.0038981589355975,0.0,0.0,2.296194606901913,0.0,0.0,2.1239835806101177,0.0,2.0001554898008798,0.0,0.0,2.0017996787261216
365,5.511036338606169,1.4225941671177194,2.872458567528531,1.341226840916455,2.8321370243517223,0.0,2.0038981589355975,0.0,0.0,2.296194606901913,0.0,2.149647404714473,0.0,0.0,0.0,2.0001554898008824,0.0,2.0017996787261216
366,6.939823537504064,0.7112970835588597,2.872458567528531,2.950699050016201,2.124102768263792,2.003898158935596,0.0,0.0,0.0,0.0,2.3351872657080683,0.0,2.1239835806101177,0.0,2.0001554898008798,0.0,2.0017996787261234,0.0
367,4.898698967649928,2.1338912506765793,2.872458567528531,0.26824536818329103,2.124102768263792,0.0,2.0038981589355975,0.0,0.0,0.0,2.3351872657080683,2.149647404714473,0.0,0.0,0.0,2.0001554898008824,2.0017996787261234,0.0
368,5.102811424635341,1.4225941671177194,2.154343925646398,0.5364907363665821,2.8321370243517223,0.0,2.0038981589355975,0.0,0.0,0.0,2.3351872657080683,0.0,2.1239835806101177,0.0,2.0001554898008798,0.0,0.0,2.0017996787261216
369,6.531598623533236,0.7112970835588597,0.7181146418821327,1.609472209099746,1.4160685121758612,2.003898158935596,0.0,0.0,0.0,0.0,2.3351872657080683,0.0,2.1239835806101177,0.0,0.0,2.0001554898008824,2.0017996787261234,0.0
370,5.3069238816207545,1.4225941671177194,2.154343925646398,3.218944418199492,3.540171280439653,2.003898158935596,0.0,2.3191204410382538,0.0,0.0,0.0,2.149647404714473,0.0,0.0,2.0001554898008798,0.0,2.0017996787261234,0.0
371,4.286361596693687,0.7112970835588597,2.872458567528531,2.414208313649619,3.540171280439653,0.0,2.0038981589355975,2.3191204410382538,0.0,0.0,0.0,0.0,0.0,2.0943446047662158,2.0001554898008798,0.0,2.0017996787261234,0.0
372,5.102811424635341,2.1338912506765793,0.7181146418821327,2.414208313649619,2.124102768263792,2.003898158935596,0.0,0.0,2.2888515608024393,0.0,0.0,2.149647404714473,0.0,0.0,2.0001554898008798,0.0,2.0017996787261234,0.0
373,5.715148795591582,2.8451883342354387,2.872458567528531,0.5364907363665821,0.7080342560879306,2.003898158935596,0.0,0.0,0.0,2.296194606901913,0.0,0.0,2.1239835806101177,0.0,2.0001554898008798,0.0,2.0017996787261234,0.0
374,4.286361596693687,1.4225941671177194,0.7181146418821327,0.26824536818329103,2.8321370243517223,2.003898158935596,0.0,2.3191204410382538,0.0,0.0,0.0,2.149647404714473,0.0,0.0,0.0,2.0001554898008824,0.0,2.0017996787261216
375,6.735711080518651,2.8451883342354387,0.7181146418821327,2.68245368183291,2.124102768263792,2.003898158935596,0.0,0.0,0.0,2.296194606901913,0.0,2.149647404714473,0.0,0.0,0.0,2.0001554898008824,0.0,2.0017996787261216
376,5.715148795591582,2.1338912506765793,2.154343925646398,0.804736104549873,0.7080342560879306,2.003898158935596,0.0,0.0,0.0,2.296194606901913,0.0,2.149647404714473,0.0,0.0,2.0001554898008798,0.0,2.0017996787261234,0.0
377,6.939823537504064,2.1338912506765793,3.5905732094106635,1.0729814727331641,3.540171280439653,2.003898158935596,0.0,0.0,0.0,0.0,2.3351872657080683,0.0,2.1239835806101177,0.0,0.0,2.0001554898008824,2.0017996787261234,0.0
378,6.939823537504064,0.7112970835588597,0.7181146418821327,1.877717577283037,0.7080342560879306,0.0,2.0038981589355975,2.3191204410382538,0.0,0.0,0.0,2.149647404714473,0.0,0.0,2.0001554898008798,0.0,2.0017996787261234,0.0
379,4.0822491397082725,2.8451883342354387,2.154343925646398,2.950699050016201,1.4160685121758612,0.0,2.0038981589355975,0.0,2.2888515608024393,0.0,0.0,2.149647404714473,0.0,0.0,2.0001554898008798,0.0,0.0,2.0017996787261216
380,4.898698967649928,1.4225941671177194,2.154343925646398,0.0,3.540171280439653,2.003898158935596,0.0,0.0,0.0,0.0,2.3351872657080683,2.149647404714473,0.0,0.0,0.0,2.0001554898008824,0.0,2.0017996787261216
381,5.511036338606169,2.8451883342354387,1.4362292837642654,1.0729814727331641,2.124102768263792,0.0,2.0038981589355975,0.0,0.0,0.0,2.3351872657080683,0.0,2.1239835806101177,0.0,0.0,2.0001554898008824,2.0017996787261234,0.0
382,5.102811424635341,2.1338912506765793,1.4362292837642654,0.0,2.8321370243517223,2.003898158935596,0.0,0.0,0.0,0.0,2.3351872657080683,0.0,2.1239835806101177,0.0,2.0001554898008798,0.0,0.0,2.0017996787261216
383,5.715148795591582,3.5564854177942986,2.154343925646398,0.26824536818329103,1.4160685121758612,0.0,2.0038981589355975,0.0,0.0,2.296194606901913,0.0,2.149647404714473,0.0,0.0,2.0001554898008798,0.0,2.0017996787261234,0.0
384,6.12337370956241,3.5564854177942986,1.4362292837642654,0.0,1.4160685121758612,0.0,2.0038981589355975,2.3191204410382538,0.0,0.0,0.0,0.0,0.0,2.0943446047662158,0.0,2.0001554898008824,2.0017996787261234,0.0
385,4.898698967649928,0.7112970835588597,3.5905732094106635,2.950699050016201,1.4160685121758612,2.003898158935596,0.0,2.3191204410382538,0.0,0.0,0.0,2.149647404714473,0.0,0.0,2.0001554898008798,0.0,0.0,2.0017996787261216
386,3.674024225737446,1.4225941671177194,2.872458567528531,2.414208313649619,1.4160685121758612,2.003898158935596,0.0,0.0,2.2888515608024393,0.0,0.0,2.149647404714473,0.0,0.0,2.0001554898008798,0.0,2.0017996787261234,0.0
387,5.102811424635341,3.5564854177942986,2.154343925646398,1.609472209099746,2.8321370243517223,0.0,2.0038981589355975,0.0,0.0,0.0,2.3351872657080683,0.0,0.0,2.0943446047662158,0.0,2.0001554898008824,2.0017996787261234,0.0
388,4.898698967649928,1.4225941671177194,2.872458567528531,1.341226840916455,1.4160685121758612,2.003898158935596,0.0,2.3191204410382538,0.0,0.0,0.0,0.0,0.0,2.0943446047662158,2.0001554898008798,0.0,2.0017996787261234,0.0
389,4.0822491397082725,2.8451883342354387,3.5905732094106635,1.609472209099746,2.8321370243517223,2.003898158935596,0.0,0.0,0.0,0.0,2.3351872657080683,2.149647404714473,0.0,0.0,0.0,2.0001554898008824,0.0,2.0017996787261216
390,4.0822491397082725,2.1338912506765793,2.872458567528531,0.804736104549873,2.8321370243517223,2.003898158935596,0.0,0.0,0.0,0.0,2.3351872657080683,0.0,0.0,2.0943446047662158,0.0,2.0001554898008824,0.0,2.0017996787261216
391,5.715148795591582,2.1338912506765793,2.154343925646398,1.609472209099746,2.124102768263792,0.0,2.0038981589355975,0.0,0.0,0.0,2.3351872657080683,0.0,0.0,2.0943446047662158,0.0,2.0001554898008824,0.0,2.0017996787261216
392,3.674024225737446,3.5564854177942986,2.154343925646398,1.609472209099746,1.4160685121758612,0.0,2.0038981589355975,0.0,0.0,0.0,2.3351872657080683,0.0,0.0,2.0943446047662158,2.0001554898008798,0.0,0.0,2.0017996787261216
393,6.327486166547823,1.4225941671177194,2.154343925646398,0.804736104549873,2.124102768263792,0.0,2.0038981589355975,0.0,0.0,0.0,2.3351872657080683,0.0,0.0,2.0943446047662158,2.0001554898008798,0.0,0.0,2.0017996787261216
394,4.4904740536791,2.1338912506765793,2.872458567528531,2.950699050016201,1.4160685121758612,0.0,2.0038981589355975,2.3191204410382538,0.0,0.0,0.0,2.149647404714473,0.0,0.0,0.0,2.0001554898008824,0.0,2.0017996787261216
395,5.511036338606169,2.8451883342354387,1.4362292837642654,0.0,1.4160685121758612,2.003898158935596,0.0,0.0,2.2888515608024393,0.0,0.0,0.0,0.0,2.0943446047662158,0.0,2.0001554898008824,2.0017996787261234,0.0
396,5.102811424635341,1.4225941671177194,1.4362292837642654,2.950699050016201,1.4160685121758612,2.003898158935596,0.0,0.0,0.0,0.0,2.3351872657080683,0.0,2.1239835806101177,0.0,2.0001554898008798,0.0,0.0,2.0017996787261216
397,5.715148795591582,3.5564854177942986,2.872458567528531,1.609472209099746,2.8321370243517223,0.0,2.0038981589355975,0.0,0.0,0.0,2.3351872657080683,0.0,2.1239835806101177,0.0,0.0,2.0001554898008824,2.0017996787261234,0.0
398,3.878136682722859,2.1338912506765793,0.7181146418821327,2.68245368183291,2.8321370243517223,0.0,2.0038981589355975,0.0,0.0,2.296194606901913,0.0,0.0,0.0,2.0943446047662158,2.0001554898008798,0.0,2.0017996787261234,0.0
399,6.531598623533236,2.1338912506765793,0.7181146418821327,1.877717577283037,2.124102768263792,2.003898158935596,0.0,0.0,2.2888515608024393,0.0,0.0,0.0,2.1239835806101177,0.0,0.0,2.0001554898008824,0.0,2.0017996787261216
400,4.0822491397082725,1.4225941671177194,3.5905732094106635,1.0729814727331641,1.4160685121758612,2.003898158935596,0.0,0.0,0.0,0.0,2.3351872657080683,0.0,0.0,2.0943446047662158,0.0,2.0001554898008824,2.0017996787261234,0.0
